"comments","facebookId","facebookUrl","feedbackId","likes","media/0/__isMedia","media/0/__typename","media/0/accent_color","media/0/flexible_height_share_image","media/0/id","media/0/large_share_image/height","media/0/large_share_image/uri","media/0/large_share_image/width","media/0/ocrText","media/0/photo_image/height","media/0/photo_image/uri","media/0/photo_image/width","media/0/url","pageName","postId","shares","text","time","timestamp","topLevelUrl","url"
"0","100064434321918","https://www.facebook.com/shoghlonline","ZmVlZGJhY2s6NjEzNTI1OTA0MTM4NTQ4","3","Photo","Photo","FF5762E2",,"613525684138570",,,,"May be an illustration of ‎2 people, poster and ‎text that says '‎شغل ونلاين ادارة الازمات @shoghlonline shoghlonline.com‎'‎‎","502","https://scontent.fewr1-6.fna.fbcdn.net/v/t39.30808-6/344850990_8257517254265456_3668668047747177406_n.jpg?stp=dst-jpg_s960x960&_nc_cat=103&ccb=1-7&_nc_sid=730e14&_nc_ohc=DyjY--mSra4AX_2ygOo&_nc_ht=scontent.fewr1-6.fna&oh=00_AfCEPYWj803wniBsN421pFk8Y0LYVYJ_0LqF_yRyJWk37g&oe=6466837A","960","https://www.facebook.com/photo/?fbid=613525684138570&set=a.549396763884796","شغل أون لاين","613525904138548","0","إدارة الأزمات هي أن تقوم الشركة بإدارة أمر خرج عن سيطرتها، فقد تجد نفسك في لحظة واحدة أما أحدى الكوارث أو الأزمات، فكيف ستكون مستعد لها، وكيف يمكنك أن تعود لوضع ما قبل الأزمة في أسرع وقت، هذا ما سنتناوله اليوم في مقال إدارة الأزمات.

اقرأ من هنا https://blog.shoghlonline.com/%d8%a7%d8%af%d8%a7%d8%b1%d8%a9-%d8%a7%d9%84%d8%a7%d8%b2%d9%85%d8%a7%d8%aa/","2023-05-03T21:12:16.000Z","1683148336","https://www.facebook.com/100064434321918/posts/613525904138548","https://www.facebook.com/shoghlonline/posts/613525904138548"
"1","100064434321918","https://www.facebook.com/shoghlonline","ZmVlZGJhY2s6NjEyODYwNzgwODcxNzI3","4","Photo","Photo","FFF0F2F1",,"612860680871737",,,,"May be an image of tablet, screen and text","502","https://scontent-atl3-2.xx.fbcdn.net/v/t39.30808-6/344795984_181822431460999_241264046569094923_n.jpg?stp=dst-jpg_s960x960&_nc_cat=104&ccb=1-7&_nc_sid=730e14&_nc_ohc=HrmQkDAwimoAX_TZbni&_nc_ht=scontent-atl3-2.xx&oh=00_AfBy6n9NycnU8F5DuU4fPeI-DMpQ4yLMOGeUFF34I16RTA&oe=6467885F","960","https://www.facebook.com/photo/?fbid=612860680871737&set=a.549396763884796","شغل أون لاين","612860780871727","0","أنواع المخاطر من أبرز المعوقات التي تهدد فكرة مشروعك أو مصنعك، وسواء كانت فكرتك لإزالة محط ألاهتمام والدراسة، أو بالفعل قد قمت باتخاذ خطوات في مشروعك وشركتك، لكنك بحاجة فعلية لتفهم ماهية أنواع المخاطر الشاملة وكيف يمكنك اتخاذ خطوات إدارة أنواع المخاطر المختلفة، وإدارة المخاطر على المستوى المؤسساتي كل هذا وأكثر سنطلع عليه سوياً في هذا المقال

اقرأ من هنا https://blog.shoghlonline.com/%d8%a3%d9%86%d9%88%d8%a7%d8%b9-%d8%a7%d9%84%d9%85%d8%ae%d8%a7%d8%b7%d8%b1-%d8%a7%d9%84%d8%b4%d8%a7%d9%85%d9%84%d8%a9/","2023-05-02T21:16:46.000Z","1683062206","https://www.facebook.com/100064434321918/posts/612860780871727","https://www.facebook.com/shoghlonline/posts/pfbid0L853iBcWQN5QmuZwYm8e5qMiTJQbhZRcZfcvDYAbhuVTZrfzsQ2uY58g4kTJjURal"
"2","100064434321918","https://www.facebook.com/shoghlonline","ZmVlZGJhY2s6NjA1MjQ4MDU4Mjk5NjY2","7","Photo","Photo","FF020001",,"605247994966339",,,,"May be an illustration of poster and text","502","https://scontent-atl3-1.xx.fbcdn.net/v/t39.30808-6/342216538_3346766945545195_5404484266229513752_n.jpg?stp=dst-jpg_s960x960&_nc_cat=100&ccb=1-7&_nc_sid=730e14&_nc_ohc=0vg3j1GlQOIAX-xKeS8&_nc_ht=scontent-atl3-1.xx&oh=00_AfDUGc4m4jm-DU0zXCU4UlTaQJlkiqPADpl4opuUexGy1Q&oe=64678DF2","960","https://www.facebook.com/photo/?fbid=605247994966339&set=a.549396763884796","شغل أون لاين","605248058299666","0","كل عام وأنتم بخير بمناسبة عيد الفطر المبارك أعاده الله عليكم بالخير واليمن والبركات 🥰","2023-04-20T07:40:16.000Z","1681976416","https://www.facebook.com/100064434321918/posts/605248058299666","https://www.facebook.com/shoghlonline/posts/pfbid0QTh38NAMCvwV6vmxeJuR7Atsar4jGthPM8GkFF2N2ZuU7XUTNLFuxCukcVxYjHbxl"
"12","100064434321918","https://www.facebook.com/shoghlonline","ZmVlZGJhY2s6NjAwODk5MDA1NDAxMjM4","6","Photo","Photo","FF5762E1",,"600898895401249",,,,"May be an illustration of ‎poster and ‎text that says '‎شغل اونلاين 99% أفكار تسويقية @shoghlonline shoghlonline.com‎'‎‎","502","https://scontent-lax3-1.xx.fbcdn.net/v/t39.30808-6/340364846_459350589688122_4496428098034985040_n.jpg?stp=dst-jpg_s960x960&_nc_cat=110&ccb=1-7&_nc_sid=730e14&_nc_ohc=DyWRzTrFJPMAX9Up8CI&_nc_ht=scontent-lax3-1.xx&oh=00_AfCblZnUeUhhYHzkf5zykF3d_yM4DrXWi_FOIpzBOpeqKQ&oe=6466EB09","960","https://www.facebook.com/photo/?fbid=600898895401249&set=a.549396763884796","شغل أون لاين","600899005401238","1","أفضل أفكار تسويقية لزيادة المبيعات
عندما تبحث عن أفكار تسويقية مبتكرة وحديثة أو حتى تقليدية وفعاله، فأنت هنا تبحث عن فكرة تعبر بها عن المنتج أو الخدمة التي تقدمها بشكل يجعله مقتنع أنه عندما يدفع لك النقود للحصول عليها؛ وأنك بالمقابل ستقدم له ما يحل له مشكلة ما أو يوفر له رفاهية معينة، هنا تكمن نجاح فكرتك التسويقية، لذلك يجي عليك أن تعلم كيف تبني فكرتك التسويقية، وما هي أهمية الخطة التسويقية لنشاطك التجاري؟ كل هذا وأكثر سنتعرف عليه معاً من خلال المقال التالي
رابط المقال في أول تعليق","2023-04-12T21:10:42.000Z","1681333842","https://www.facebook.com/100064434321918/posts/600899005401238","https://www.facebook.com/shoghlonline/posts/pfbid02ANoEqxCsjKijqjMWTDiAdH2X1PdNUYyfEKyXtFuWsyTVsRf4q5Jt7nK9Sa1XMLYWl"
"12","100064434321918","https://www.facebook.com/shoghlonline","ZmVlZGJhY2s6NTk5MTY4NTA1NTc0Mjg4","4","Photo","Photo","FFF4D3DA",,"599168452240960",,,,"May be a graphic of ‎screen, poster and ‎text that says '‎شغل اونلاين كيف توظف مصمم أفضل شعار محترف؟ @shoghlonline shoghlonline.com‎'‎‎","502","https://scontent-ord5-2.xx.fbcdn.net/v/t39.30808-6/340523370_941625560296625_8451267831980600324_n.jpg?stp=dst-jpg_s960x960&_nc_cat=100&ccb=1-7&_nc_sid=730e14&_nc_ohc=5Jv4-xKXdaUAX84osNc&_nc_ht=scontent-ord5-2.xx&oh=00_AfC6Y-GTNVGKSwMOvGpeqvKid6Vjf1IcRjbFysRWqKoMWQ&oe=64660D7A","960","https://www.facebook.com/photo/?fbid=599168452240960&set=a.549396763884796","شغل أون لاين","599168505574288","1","كيف توظف أفضل مصمم شعار محترف؟

لا يوجد رائد أعمال أو صاحب مشروع جديد لا يدرك أهمية البحث عن مصم شعار محترف، ولأن مجال التصميم ملئ بمدعي الخبرة والمهارة، ولكنك في الواقع لن تجد إلا قليل من محترفي التصميم ذوي الجودة المرتفعة، ولتتمكن من اختيار المصمم المناسب ومعرفة هل تحتاج إلى إعادة تصميم شعارك؟ ومميزات توظيف مصمم شعار على شغل اون لاين؟ وكم من الوقت يجب أن يستغرق تصميم الشعار؟ تابع معنا مقالنا اليوم.

اقرأ من هنا https://lnkd.in/de-dV6p6","2023-04-09T22:18:56.000Z","1681078736","https://www.facebook.com/100064434321918/posts/599168505574288","https://www.facebook.com/shoghlonline/posts/pfbid0rAr1wbK7APcGqAGJF8yvfX51KkWRLy6HKmpoV2LBCcyHoWNgCYGHijvDcQka6URUl"
"2","100064434321918","https://www.facebook.com/shoghlonline","ZmVlZGJhY2s6NTk4NDQ3OTk4OTc5Njcy","7","Photo","Photo","FFFFFFFF",,"598447835646355",,,,"May be an image of 1 person, poster and text","502","https://scontent-ord5-2.xx.fbcdn.net/v/t39.30808-6/340447880_236069895621049_4939710066478203381_n.jpg?stp=dst-jpg_s960x960&_nc_cat=107&ccb=1-7&_nc_sid=730e14&_nc_ohc=dhVIyohdw7UAX9d56xx&_nc_ht=scontent-ord5-2.xx&oh=00_AfABIwsCRue-Bc2UlzDF3_yiQIOUgS51Zb44Ivp_nrAKrQ&oe=6467B53C","960","https://www.facebook.com/photo/?fbid=598447835646355&set=a.549396763884796","شغل أون لاين","598447998979672","0","كيف توظف أفضل خبير سيو؟ من الأسئلة التي تشغل بال الكثير من رجال الأعمال أو أصحاب المواقع المهتمين بالتسويق الإلكتروني على الإنترنت بشكل عام، ولكون خبير السيو هو العنصر الأساسي لبناء تلك العملية، فيجب أن تكون هناك أسس واضحة ومعايير ثابتة لاختياره بشكل سليم، لذا أقدم لك لما تحتاج أن توظف خبيرًا في تحسين محركات البحث؟ كيف توظف أفضل خبير سيو عن بعد؟

اقرأ من هنا https://lnkd.in/dk5YVj23","2023-04-08T21:16:51.000Z","1680988611","https://www.facebook.com/100064434321918/posts/598447998979672","https://www.facebook.com/shoghlonline/posts/pfbid02pzv6NJy8HZjzNUjnugfyXtS5V9DJMYZbRKLhWhmed7tCEsM6hDCT3MKQx5WUArodl"
"8","100064434321918","https://www.facebook.com/shoghlonline","ZmVlZGJhY2s6NTk4MjMzNTI5MDAxMTE5","3","Photo","Photo","FFFFFFFF",,"598233512334454",,,,"May be an image of ‎bread, pie, poster and ‎text that says '‎شغل أونلاين ماذا تفعل إذا بدأ العمل في بسبب تغيير مواعيد عملك في رمضان التراكم ؟ حدد الأولويات تناقش مع أصحاب المشروعات المختلفة بمد مهلة تقديم العمل حاول أن حاولأن تعمل قبل الإفطار وبعده لعدة أيام فكر في تقليل كمية العمل خلال شهر رمضان @shogh @shoghlonline‎'‎‎","526","https://scontent-lga3-1.xx.fbcdn.net/v/t39.30808-6/339786567_246468081096924_7105718030729131849_n.jpg?stp=dst-jpg_p526x296&_nc_cat=106&ccb=1-7&_nc_sid=730e14&_nc_ohc=Fl3B-fL4LuQAX8wJEq6&_nc_ht=scontent-lga3-1.xx&oh=00_AfBgdzAr6HSdOt6-vKibnJ4WfEkVBRMLhSpncNGGru2wGg&oe=6467D3D8","526","https://www.facebook.com/photo/?fbid=598233512334454&set=a.549396763884796","شغل أون لاين","598233529001119","0","ماذا تفعل إذا بدأ العمل في التراكم بسبب تغيير مواعيد عملك في رمضان؟
1- حدد الأولويات
2- تناقش مع أصحاب المشروعات المختلفة بمد مهلة تقديم العمل
3- حاول العمل قبل الفطار وبعد الفطار لعدة أيام
4- فكر في تقليل كمية العمل خلال شهر رمضان
#شغل_أون_لاين #رمضان #وقت #تنظيم_الوقت #شغل #مستقل","2023-04-08T13:16:14.000Z","1680959774","https://www.facebook.com/100064434321918/posts/598233529001119","https://www.facebook.com/shoghlonline/posts/pfbid0ft7zryoSiPwAzowfuDBB96xPHz6BypqhbQysjpn91CXr46Sabst9YxHMsVAMW7AMl"
"4","100064434321918","https://www.facebook.com/shoghlonline","ZmVlZGJhY2s6NTkzNDYwNzM5NDc4Mzk4","10","Photo","Photo","FFFFFFFF",,"593460626145076",,,,"May be an image of 1 person and text","526","https://scontent-dfw5-1.xx.fbcdn.net/v/t39.30808-6/338136877_132103596463489_4749930506657056426_n.jpg?stp=dst-jpg_p526x296&_nc_cat=109&ccb=1-7&_nc_sid=730e14&_nc_ohc=dAVYdDSmn9EAX9RTyzi&_nc_ht=scontent-dfw5-1.xx&oh=00_AfBjIOK7ZEUrK8R62CrLKWJbHMLrZuyO2SdiLrce4-58Mw&oe=6465E6B1","526","https://www.facebook.com/photo/?fbid=593460626145076&set=a.549396763884796","شغل أون لاين","593460739478398","0","تشعر بأنك تفقد أسعد اللحظات في رمضان بسبب العمل؟

إذا أنت تختار الوقت الخطأ للعمل، تنظيم وقتك من أساسيات العمل في رمضان وخاصة كونك مستقل.

اعمل في مختلف الأوقات في أيام مختلفة لتتمكن من تحديد التوقيت الأنسب لك، لتشعر بأجواء رمضان من دون التقصير في عملك كـ مستقل!

#شغل_أون_لاين #رمضان #وقت #تنظيم_الوقت #شغل #مستقل","2023-03-31T13:09:02.000Z","1680268142","https://www.facebook.com/100064434321918/posts/593460739478398","https://www.facebook.com/shoghlonline/posts/pfbid033fuAeGLNDMphUVtZw3LHHkayRW3Co5QPoW5c7jtBRrpaA78WBmKYMvxVAVMBuwk7l"
"15","100064434321918","https://www.facebook.com/shoghlonline","ZmVlZGJhY2s6NTkyNTM0Nzg5NTcwOTkz","12","Photo","Photo","FF7C87FA",,"592534762904329",,,,"May be a cartoon of 2 people, screen, poster and text","502","https://scontent-iad3-2.xx.fbcdn.net/v/t39.30808-6/338957293_1458968131584875_9109502470975811074_n.jpg?stp=dst-jpg_s960x960&_nc_cat=100&ccb=1-7&_nc_sid=730e14&_nc_ohc=JpC_UImUoR0AX-m5Bwi&_nc_ht=scontent-iad3-2.xx&oh=00_AfACnbYzny7qavbIhO3f54PItmjO4xs411BNQUJn6IOMdQ&oe=6467A594","960","https://www.facebook.com/photo/?fbid=592534762904329&set=a.549396763884796","شغل أون لاين","592534789570993","0","الميزانية 500 دولار

ارغب بعمل تطبيق ios واندرويد ( وهو عباره عن متجر الكتروني ) .. اعرض فيه منتجات مختلفة من شتى المجالات .. ولا اريد فيه طرق للدفع لان في بلدي الطريقة واحدة وهي التحويل المباشر في الحساب .. ولا اريد اضافة اي بوابة للتوصيل والشحن .. لان الشحن عن طريقي انا اوفره … فقط اريد تطبيق سهل وبسيط على الشخص الدخول للتطبيق وعمل اختيار للسلعة المرادة ومن ثم اعتماد الطلب وبعده مباشرة يتم التواصل معي عبر شات في التطبيق .. اريد معرفة التكاليف كاملة ….. بالاضافة الى تكاليف الاستضافة السنوية

أرجو التقدم عبر هذا الرابط https://lnkd.in/dGQbEW3r","2023-03-29T21:39:10.000Z","1680125950","https://www.facebook.com/100064434321918/posts/592534789570993","https://www.facebook.com/shoghlonline/posts/pfbid0FjW5pzxxDKi8SDnvAWT6ZSiJMKLLr92fsaJNT48BDgAFcNqHwymeYmXESzy8AxTMl"
"9","100064434321918","https://www.facebook.com/shoghlonline","ZmVlZGJhY2s6NTkyNTMyMzg5NTcxMjMz","6","Photo","Photo","FFFFFFFF",,"592532369571235",,,,"May be an image of ‎1 person, bread, pie and ‎text that says '‎شغل أونلاين قبل ولا بعد الفطار متردد تشتغل؟ الفطار تشتغل ؟ ino @shoghlonline‎'‎‎","526","https://scontent-mia3-1.xx.fbcdn.net/v/t39.30808-6/338180771_3478114162428186_461585076744654252_n.jpg?stp=dst-jpg_p526x296&_nc_cat=100&ccb=1-7&_nc_sid=730e14&_nc_ohc=RiijIzgUyCUAX_iQJ1W&_nc_ht=scontent-mia3-1.xx&oh=00_AfAlm6AUVXz48maNl9E3_yLm3VXQxjb8x3L0kMdOuBsmYQ&oe=6466C6E1","526","https://www.facebook.com/photo/?fbid=592532369571235&set=a.549396763884796","شغل أون لاين","592532389571233","0","متردد تشتغل قبل الفطار ولا بعد الفطار؟
ابق متذكر أن شغلك كـ مستقل يتيح لك الفرصة للعمل في أي وقت تُفضل، لذلك اختار أفضل وقت تجد به بأن تركيزك في أعلى مستوياته لتتمكن من إنجاز العمل بسرعة وبأفضل جودة.
#شغل_أون_لاين #رمضان #وقت #تنظيم_الوقت #شغل #مستقل","2023-03-29T21:29:25.000Z","1680125365","https://www.facebook.com/100064434321918/posts/592532389571233","https://www.facebook.com/shoghlonline/posts/pfbid0Zg4DC25bieWo1A4cGVjYwmy7237zX2SE1QfHRXhcHYsZSfuDMkYRKQHqaygzcvByl"
"9","100064434321918","https://www.facebook.com/shoghlonline","ZmVlZGJhY2s6NTg4ODY0NTc5OTM4MDE0","4","Photo","Photo","FF2E80E2",,"588864493271356",,,,"May be an image of poster and text","526","https://scontent-lga3-1.xx.fbcdn.net/v/t39.30808-6/337152031_959332828412990_6190353456449781522_n.jpg?stp=dst-jpg_p526x296&_nc_cat=102&ccb=1-7&_nc_sid=730e14&_nc_ohc=dtWlfdGhVt0AX_TccFK&_nc_ht=scontent-lga3-1.xx&oh=00_AfDrAHjvyPtu3m3xmSC8WPFFymHOL2qkcrNrqO9ubcKEIA&oe=64676827","526","https://www.facebook.com/photo/?fbid=588864493271356&set=a.549396763884796","شغل أون لاين","588864579938014","0","كل عام وأنتم بخير 🧡
#رمضان_المبارك","2023-03-23T15:17:47.000Z","1679584667","https://www.facebook.com/100064434321918/posts/588864579938014","https://www.facebook.com/shoghlonline/posts/pfbid02G8YY8YKEfhSDyBo4cE4BeRTAvc3UKew1pfqXvpvU9tcjZgh2fz7y7rnWGfyGfACGl"
"9","100064434321918","https://www.facebook.com/shoghlonline","ZmVlZGJhY2s6NTg3NjI5MzE2NzI4MjA3","8","Photo","Photo","FFE8E7EC",,"587629280061544",,,,"May be an image of ‎text that says '‎شغل أونلاين ننز NL SE FR BR UK PL US JP DE AR ES PT IT CN TR KR AU الترجمة أنواع أعمالك تحتاجها قد @shoghlonline Hran enter shoghlonline.com‎'‎","478","https://scontent-ord5-1.xx.fbcdn.net/v/t39.30808-6/336878007_2058775394454245_6880693482363468950_n.jpg?_nc_cat=106&ccb=1-7&_nc_sid=730e14&_nc_ohc=Tg63CIyC2eUAX9TrIPX&_nc_ht=scontent-ord5-1.xx&oh=00_AfDkk_6-8n--1zThchAbh6lrx5IpA7CbqMW9vTmbRRnAzg&oe=6466100A","850","https://www.facebook.com/photo/?fbid=587629280061544&set=a.549396763884796","شغل أون لاين","587629316728207","0","يزيد الإقبال على اللغات بشكل كبير بسبب أنها ترفع من شأن دارسها.
ولكن إذا كنت طليق بلغة معينة فكيف تستغلها؟، وإذا كنت تريد العمل كمترجم أو تؤسس شركة ترجمة فما هو المجال الذي تريد الترجمة فيه؟

اقرأ المقال كاملاً من الرابط التالي
https://blog.shoghlonline.com/%d8%a3%d9%86%d9%88%d8%a7%d8%b9-%d8%a7%d9%84%d8%aa%d8%b1%d8%ac%d9%85%d8%a9-%d8%a7%d9%84%d8%aa%d9%8a-%d8%aa%d8%ad%d8%aa%d8%a7%d8%ac%d9%87%d8%a7-%d8%a7%d8%b9%d9%85%d8%a7%d9%84%d9%83/","2023-03-21T15:53:21.000Z","1679414001","https://www.facebook.com/100064434321918/posts/587629316728207","https://www.facebook.com/shoghlonline/posts/pfbid02sbQbsazZaZ1TiLVLYFiC8Hh5gvxTMbB9sdwwq273ZFgxkpdy6az3y5kfj75BfgUgl"
"2","100064434321918","https://www.facebook.com/shoghlonline","ZmVlZGJhY2s6NTg3MDQ0OTYwMTE5OTc2","8","Photo","Photo","FF343837",,"587044830119989",,,,"May be a doodle of ‎screen, poster, tablet, phone and ‎text that says '‎شغل اونلاين Spotify Telegram 3 in Linkedin Google 2 f Facebook 1 Pinterest Twitter Instagram المحتوى صناعة مواقع في الاجتماعي التواصل Tik Tok Behance Whatsapp @shoghlonline shoghlonline.com‎'‎‎","502","https://scontent-atl3-2.xx.fbcdn.net/v/t39.30808-6/337259537_165630383013159_4299619739108952171_n.jpg?stp=dst-jpg_s960x960&_nc_cat=102&ccb=1-7&_nc_sid=730e14&_nc_ohc=OmrWBWpgz50AX82GaBA&_nc_ht=scontent-atl3-2.xx&oh=00_AfCeguxzFTq5Rs6CQN_WqXPdCN7qs0-uEWMs2hZ4CJ72oQ&oe=6467682D","960","https://www.facebook.com/photo/?fbid=587044830119989&set=a.549396763884796","شغل أون لاين","587044960119976","0","صناعة المحتوى في مواقع التواصل الاجتماعي : 17 مهارة تنتج محتوى متميز
تعرف عليها من قرائتك للموضوع التالي https://lnkd.in/gt9ez2vX","2023-03-20T19:46:32.000Z","1679341592","https://www.facebook.com/100064434321918/posts/587044960119976","https://www.facebook.com/shoghlonline/posts/pfbid0NMvRJPde5BojiN5VFq5e18tvnatTj4y3zZaKyqvfpQpLSws6nGp5NTReFhCLx4HTl"
"1","100064434321918","https://www.facebook.com/shoghlonline","ZmVlZGJhY2s6NTg2MzQzNDI2ODU2Nzk2","3","Photo","Photo","FFFFFFFF",,"586343366856802",,,,"May be a doodle of poster and text","502","https://scontent-lax3-2.xx.fbcdn.net/v/t39.30808-6/336375203_2412153788923381_2490243754481710255_n.jpg?stp=dst-jpg_s960x960&_nc_cat=106&ccb=1-7&_nc_sid=730e14&_nc_ohc=gQpZsnHT5wEAX9CumRJ&_nc_oc=AQlWbGlP_Tuog29G8nN3eryv8pi4IFwLY9MBUIkMYiI76GeSEsLKnrI4ajSRu7gQz3zYXBBdZpde-tFIie58aT_a&_nc_ht=scontent-lax3-2.xx&oh=00_AfB3r9ThTd96Hg4_VjO9FQO-J1I2lX3kKpsMPrxEAFygWw&oe=6467DADE","960","https://www.facebook.com/photo/?fbid=586343366856802&set=a.549396763884796","شغل أون لاين","586343426856796","0","وقوعك على مصمم مواقع جيد يعني تحقيقك الكثير من الأرباح المادية والمهنية في مجالك، لذا أقدم لك اليوم كيف تعرف على المصممين المرشحين واختر الأفضل لك ولعملك في مقال مفيد لك بشكل خاص.

إقرأ المقال من هنا https://blog.shoghlonline.com/كيف-توظف-أفضل-مصمم-مواقع","2023-03-19T20:29:12.000Z","1679257752","https://www.facebook.com/100064434321918/posts/586343426856796","https://www.facebook.com/shoghlonline/posts/pfbid02K3AVkDzAEEjM2P3QJbQ2SiB95zkt8egiYmHmqgGCqspWcQPDkijhtkDJRzjeNmiil"
"0","100064434321918","https://www.facebook.com/shoghlonline","ZmVlZGJhY2s6NTg2MzMzNjIzNTI0NDQz","1","Photo","Photo","FF5962E5",,"586333583524447",,,,"May be an image of map, car and text","478","https://scontent-dfw5-1.xx.fbcdn.net/v/t39.30808-6/336897803_225575033338923_5667840571059524225_n.jpg?_nc_cat=109&ccb=1-7&_nc_sid=730e14&_nc_ohc=f3Et8PUm5DAAX9OcfRn&_nc_ht=scontent-dfw5-1.xx&oh=00_AfBuswkNNRQKJe5a2f8mxiGVoA2eQEax3z4RsWClr8gRHA&oe=6466CE4D","850","https://www.facebook.com/photo/?fbid=586333583524447&set=a.549396763884796","شغل أون لاين","586333623524443","0","معظم الناس اليوم إذا احتاجوا إلى الوصول أو إلى معرفة معلومات عن متجر معين يلجئون في نفس اللحظة بالبحث عنه على خرائط جوجل.

اقرأ المقال كاملاً من الرابط التالي

https://blog.shoghlonline.com/%d9%85%d8%a7-%d9%87%d9%8a-%d8%ae%d8%b1%d8%a7%d8%a6%d8%b7-%d8%ac%d9%88%d8%ac%d9%84-%d8%a7%d9%84%d8%aa%d8%ac%d8%a7%d8%b1%d9%8a%d8%a9/","2023-03-19T20:06:35.000Z","1679256395","https://www.facebook.com/100064434321918/posts/586333623524443","https://www.facebook.com/shoghlonline/posts/pfbid06J97mzbRPFCYXJSwRJdyLk8iJXMgJXERZ4gmQCYQ1WsriNsvtKmH4i4WE9wp34uhl"
"3","100064434321918","https://www.facebook.com/shoghlonline","ZmVlZGJhY2s6NTg1NjYzNzUzNTkxNDMw","5","Photo","Photo","FF191919",,"585663726924766",,,,"May be an image of 1 person, poster and text","502","https://scontent-lga3-2.xx.fbcdn.net/v/t39.30808-6/336473766_890512442206060_5289171966886330605_n.jpg?stp=dst-jpg_s960x960&_nc_cat=100&ccb=1-7&_nc_sid=730e14&_nc_ohc=sx8reU8rRxoAX9k9e0P&_nc_ht=scontent-lga3-2.xx&oh=00_AfDQAyHRUlYoJ6w7CWjD6F5xNXosFFbBjTZHRbSDC3lihw&oe=64676C6F","960","https://www.facebook.com/photo/?fbid=585663726924766&set=a.549396763884796","شغل أون لاين","585663753591430","0","مهمة كيف توظف أفضل كاتب محتوى، مهمة ليست بالهينة أو السريعة، فأنت تبحث عن كاتب مبدع يجيد المحتوى التسويقي الإلكتروني مع كونه مراعي لقواعد تحسين محركات البحث، تلك النقاط لتجدها مجمعة في كاتب واحد أمر يحتاج منك الوقت والمجهود، لذا سأقدم لك الإجابة عن سؤالك وعن سؤال من هو كاتب المحتوى وماذا يفعل؟ وأشياء يجب معرفتها قبل توظيف كاتب محتوى محترف و ما هي أهمية المحتوى الجيد؟ لذا اقرأ المقال التالي بعناية 
رابط المقال https://blog.shoghlonline.com/كيف-توظف-أفضل-كاتب-محتوى","2023-03-18T19:56:41.000Z","1679169401","https://www.facebook.com/100064434321918/posts/585663753591430","https://www.facebook.com/shoghlonline/posts/pfbid0xPg9HyKNf8WSJLjag3Rf8qZ4KmByEo2gcn7Uv99uQWyS1tD8oddDiyqxdNdS1foYl"
"6","100064434321918","https://www.facebook.com/shoghlonline","ZmVlZGJhY2s6NTgzNTQxNTYwNDcwMzE2","8","Photo","Photo","FFF9F9F9",,"583541530470319",,,,"May be an image of map, pie and text","444","https://scontent-lhr8-2.xx.fbcdn.net/v/t39.30808-6/335879522_1259018951633967_2835416334203902599_n.jpg?_nc_cat=105&ccb=1-7&_nc_sid=730e14&_nc_ohc=zthjjHOFbjsAX_NbGtw&_nc_ht=scontent-lhr8-2.xx&oh=00_AfDkpARGXKVGertLL4WxZ8NCDMdAXrXwg0qFcoPv_P9X8w&oe=6466F289","850","https://www.facebook.com/photo/?fbid=583541530470319&set=a.549396763884796","شغل أون لاين","583541560470316","3","كون متجرك لا يعلم عنه غير القليل من سكان المنطقة المحليين، وكونك لا تستغل Google Maps للتسويق لمتجرك فذلك يُعرضك إلى خسارة نسبة كبيرة من العملاء، ويمكن فيما بعد أن تضطر إلى إغلاق متجرك

اقرأ المقال كاملاً من الرابط التالي

https://blog.shoghlonline.com/%d8%b2%d9%8a%d8%a7%d8%af%d8%a9-%d8%a7%d9%84%d8%b9%d9%85%d9%84%d8%a7%d8%a1-%d8%a8%d8%a7%d8%b3%d8%aa%d8%ae%d8%af%d8%a7%d9%85-%d8%ae%d8%b1%d8%a7%d8%a6%d8%b7-%d8%ac%d9%88%d8%ac%d9%84/","2023-03-15T12:47:42.000Z","1678884462","https://www.facebook.com/100064434321918/posts/583541560470316","https://www.facebook.com/shoghlonline/posts/pfbid0dQcuHuigg3gK6JHMjH4EwGhu3cCuPxHRcZoQLLDsMqso1yxpKpocPR4HVET6oVyxl"
"0","100064434321918","https://www.facebook.com/shoghlonline","ZmVlZGJhY2s6NTgyNTMyNDg3MjM3ODkw","5","GenericAttachmentMedia","GenericAttachmentMedia",,,"6280630428648377","261","https://external.fosu2-2.fna.fbcdn.net/emg1/v/t13/6346705929843674258?url=https%3A%2F%2Fs3.eu-west-3.amazonaws.com%2Fshoghlonline.com%2Fwp-content%2Fuploads%2F2022%2F06%2F%25D9%2584%25D8%25BA%25D8%25A9-%25D8%25A8%25D8%25B1%25D9%2585%25D8%25AC%25D8%25A9-%25D9%258A%25D9%2583%25D8%25AB%25D8%25B1-%25D8%25A7%25D8%25B3%25D8%25AA%25D8%25AE%25D8%25AF%25D8%25A7%25D9%2585%25D9%2587%25D8%25A7-%25D9%2584%25D8%25AA%25D8%25B5%25D9%2585%25D9%258A%25D9%2585-%25D8%25AA%25D8%25B7%25D8%25A8%25D9%258A%25D9%2582%25D8%25A7%25D8%25AA-%25D8%25A7%25D9%2584%25D9%2588%25D9%258A%25D8%25A8.webp&fb_obo=1&utld=amazonaws.com&stp=c0.5000x0.5000f_dst-jpg_flffffff_p500x261_q75&ccb=13-1&oh=06_AbEHCCKDCECJ8RKBewYJDupGgBVVPTRaQeWhsmP9ABBiTA&oe=6463AC12&_nc_sid=7b0f64","500",,,,,,"شغل أون لاين","582532487237890","0","للوصول إلى تطبيقات الويب بشكلها النهائي وبدء عملها يلزم ذلك استخدام لغة برمجة ونتناول هنا أهم لغة برمجة يكثر استخدامها لتصميم تطبيقات الويب، ولا يمكن حصرها في لغة واحدة، بل هناك مجموعة من اللغات الأكثر استخداماً.

وكل لغة من لغات البرمجة المستخدمة في تصميم تطبيقات الويب لها مميزاتها وكذلك بعض المآخذ عليها، وفي هذا الطرح نتناول لغة برمجة يكثر استخدمها لتصميم تطبيقات الويب من حيث التعريف العام والتعريف الخاص بكل لغة.

تعرف على المزيد من قراءتك للمقال التالي ","2023-03-13T20:24:41.000Z","1678739081","https://www.facebook.com/100064434321918/posts/582532487237890","https://www.facebook.com/shoghlonline/posts/pfbid0RUfVqoieXUPtEZMdQ4L3XWRWdPtZvTAEavgMDLUh1QDSDWvUQvi9vYk4cMjJCG2ml"
"3","100064434321918","https://www.facebook.com/shoghlonline","ZmVlZGJhY2s6NTgyNDM1ODU3MjQ3NTUz","3","Photo","Photo","FF243348",,"582435823914223",,,,"May be an image of poster and text","444","https://scontent.fbhx2-2.fna.fbcdn.net/v/t39.30808-6/335510977_3390285944583264_7944291991154093891_n.jpg?_nc_cat=106&ccb=1-7&_nc_sid=730e14&_nc_ohc=f8kwKJ57kRoAX_NcQGt&_nc_ht=scontent.fbhx2-2.fna&oh=00_AfBhDDyQL5NTx3kmt2EDArU_sEmR3ax1iprP_wPhhPb7YQ&oe=6465F76D","850","https://www.facebook.com/photo/?fbid=582435823914223&set=a.549396763884796","شغل أون لاين","582435857247553","1","استجابتك لشركة ما بسبب معرفتك أنها مسجلة قانونيًا غير استجابتك لأي شركة أخرى مجهولة المصدر، لأن ثقتك في تلك الشركات الموثقة قانونيًا تكون أكبر بكثير ويجعلك أكثر راحة في التعامل معها.

اقرأ المقال كاملاً من الرابط التالي
https://blog.shoghlonline.com/%d8%aa%d8%b3%d8%ac%d9%8a%d9%84-%d8%a7%d9%84%d8%b9%d9%84%d8%a7%d9%85%d8%a9-%d8%a7%d9%84%d8%aa%d8%ac%d8%a7%d8%b1%d9%8a%d8%a9/","2023-03-13T16:39:18.000Z","1678725558","https://www.facebook.com/100064434321918/posts/582435857247553","https://www.facebook.com/shoghlonline/posts/pfbid02bfi47RSmRxVqpMJuU4ZBBzRZLgAuacdv7bpSS17P9LcxmCpyWFCAG2DtRAw7cSoKl"
"2","100064434321918","https://www.facebook.com/shoghlonline","ZmVlZGJhY2s6NTgxODY1MzgwNjM3OTM0","5","Photo","Photo","FFFFFFFF",,"581864560638016",,,,"May be an image of text","502","https://scontent-bos5-1.xx.fbcdn.net/v/t39.30808-6/335470901_951402902546105_4894121132062913232_n.jpg?stp=dst-jpg_s960x960&_nc_cat=111&ccb=1-7&_nc_sid=730e14&_nc_ohc=ayFJ7yMd2MYAX83XQFh&_nc_ht=scontent-bos5-1.xx&oh=00_AfAOsFqwHVzGX_eFFI-Uy3FAL8JTO0L6-BDZBFYztK8Eqg&oe=64666DB4","960","https://www.facebook.com/photo/?fbid=581864560638016&set=a.549396763884796","شغل أون لاين","581865380637934","0","ينصح الخبراء بضرورة إعداد دراسة جدوى قبل الشروع في أي مشروع حتى ولو كان صغيراً بتكلفة محدودة لأنه السبيل الوحيد لمعرفة درجة نجاح هذا المشروع قبل أن يبدأ.
حيث أن دراسة الجدوى أو Feasibility study هي حجر الأساس الذي يقوم عليه أي مشروع ناجح، حيث أنها السبيل الوحيد للإجابة على أي سؤال يخص فكرة مشروعك الجديد، فمنها تعرف إلى أي مدى فكرتك تستحق التطبيق؟ وما حجم السوق المستهدف؟ وما الاستثمارات التي تحتاجها حتى تبدأ؟ وهل العائد المتوقع سيكون مجزي أم لا؟ وهل توجد مؤثرات خارجية من الممكن أن تؤثر على نجاح المشروع ونموه مثل المنافسين أو قوانين الدولة التي تعمل بها.

تعرف على كيفية إعداد دراسة جدوى كاملة وشاملة من خلال قراءتك للموضوع الشيق التالي 
https://blog.shoghlonline.com/اعداد-دراسة-جدوى

#دراسة_جدوى","2023-03-12T21:05:39.000Z","1678655139","https://www.facebook.com/100064434321918/posts/581865380637934","https://www.facebook.com/shoghlonline/posts/pfbid026XaBpwAdyvWfEiw6bdGX4jbuNVnzKqaAoRUZb7bzbpFCmTipe3sPYKg1hGZBckNCl"
"8","100064434321918","https://www.facebook.com/shoghlonline","ZmVlZGJhY2s6NTc4MzUxMzc0MzIyNjY4","5","Photo","Photo","FFF9F9F9",,"578351340989338",,,,"May be an image of map, pie and text","444","https://scontent-man2-1.xx.fbcdn.net/v/t39.30808-6/335074493_1497559300771699_6787205151465741701_n.jpg?_nc_cat=102&ccb=1-7&_nc_sid=730e14&_nc_ohc=XkX8L0DdDjUAX_GURuR&_nc_ht=scontent-man2-1.xx&oh=00_AfB0aCEVq0QubwxI4a1SbRKeCj_w5PudMAR0vw-OAXPDNw&oe=6466D61B","850","https://www.facebook.com/photo/?fbid=578351340989338&set=a.549396763884796","شغل أون لاين","578351374322668","0","كون متجرك لا يعلم عنه غير القليل من سكان المنطقة المحليين، وكونك لا تستغل Google Maps للتسويق لمتجرك فذلك يُعرضك إلى خسارة نسبة كبيرة من العملاء، ويمكن فيما بعد أن تضطر إلى إغلاق متجرك.

اقرأ المقال كاملاً من الرابط التالي

https://blog.shoghlonline.com/%d8%b2%d9%8a%d8%a7%d8%af%d8%a9-%d8%a7%d9%84%d8%b9%d9%85%d9%84%d8%a7%d8%a1-%d8%a8%d8%a7%d8%b3%d8%aa%d8%ae%d8%af%d8%a7%d9%85-%d8%ae%d8%b1%d8%a7%d8%a6%d8%b7-%d8%ac%d9%88%d8%ac%d9%84/","2023-03-07T18:14:18.000Z","1678212858","https://www.facebook.com/100064434321918/posts/578351374322668","https://www.facebook.com/shoghlonline/posts/pfbid02i9PexbjV2ErPZUednad7HTJwLz7qvLwnTyvhT7Du6JQ8dxbDAqFtGF1Z6WMy8acFl"
"25","100064434321918","https://www.facebook.com/shoghlonline","ZmVlZGJhY2s6NTc3NzkyMTE3NzExOTI3","7","GenericAttachmentMedia","GenericAttachmentMedia",,,"5372812082818621","261","https://external-lhr8-1.xx.fbcdn.net/emg1/v/t13/12027172074405625787?url=https%3A%2F%2Fs3.eu-west-3.amazonaws.com%2Fshoghlonline.com%2Fwp-content%2Fuploads%2F2022%2F05%2F%25D8%25A3%25D9%2581%25D9%2583%25D8%25A7%25D8%25B1-%25D9%2585%25D8%25B4%25D8%25A7%25D8%25B1%25D9%258A%25D8%25B9-%25D8%25A7%25D9%2584%25D8%25A3%25D8%25B3%25D8%25B1-%25D8%25A7%25D9%2584%25D9%2585%25D9%2586%25D8%25AA%25D8%25AC%25D8%25A9-..-16-%25D9%2581%25D9%2583%25D8%25B1%25D8%25A9-%25D9%2585%25D8%25B4%25D8%25B1%25D9%2588%25D8%25B9-%25D9%258A%25D9%2585%25D9%2583%25D9%2586%25D9%2583-%25D8%25AA%25D9%2586%25D9%2581%25D9%258A%25D8%25B0%25D9%2587%25D8%25A7-%25D8%25AE%25D9%2584%25D8%25A7%25D9%2584-%25D8%25A7%25D9%258A%25D8%25A7%25D9%2585.webp&fb_obo=1&utld=amazonaws.com&stp=c0.5000x0.5000f_dst-jpg_flffffff_p500x261_q75&ccb=13-1&oh=06_AbFUKU_RcAY_QN8NlljJADqZinQ81-5o920xBN_KNMokLQ&oe=646387D2&_nc_sid=7b0f64","500",,,,,,"شغل أون لاين","577792117711927","0","تبحث بعض الأسر عن مصدر دخل لها ويبدأ أفرادها بطرح ما لديهم من أفكار مشاريع الأسر المنتجة بحد ذاتها هي فريق العمل وهي صاحبة العمل ويتشارك أفرادها في إتمام العمل، وبهذا تكون الأسرة قد حققت العديد من الفوائد منها الدخل الذي لتحقيق من خلاله الاستقرار المادي للأسرة، وفي هذا المقال نعرض لكم مجموعة من أهم أفكار مشاريع الأسر المنتجة التي يمكن تطبيقها في 2023

إقرأ المقا من هنا ","2023-03-06T19:35:40.000Z","1678131340","https://www.facebook.com/100064434321918/posts/577792117711927","https://www.facebook.com/shoghlonline/posts/pfbid02DqCUHr9KHcekgy6eXRZvPoU2zUNL2huhLMHGda651SXRAyBTKDs5TtdyiKm4d4T4l"
"8","100064434321918","https://www.facebook.com/shoghlonline","ZmVlZGJhY2s6NTc3MTc2MDM0NDQwMjAy","9","GenericAttachmentMedia","GenericAttachmentMedia",,,"8632280493508911","261","https://external-lga3-2.xx.fbcdn.net/emg1/v/t13/8605855174874005010?url=https%3A%2F%2Fs3.eu-west-3.amazonaws.com%2Fshoghlonline.com%2Fwp-content%2Fuploads%2F2017%2F07%2F%25D8%25B1%25D8%25A8%25D8%25B7-%25D8%25A8%25D8%25A7%25D9%258A-%25D8%25A8%25D8%25A7%25D9%2584-%25D8%25A8%25D8%25A8%25D8%25A7%25D9%258A%25D9%2588%25D9%2586%25D9%258A%25D8%25B1-768x576-1.png&fb_obo=1&utld=amazonaws.com&stp=c0.5000x0.5000f_dst-jpg_flffffff_p500x261_q75&ccb=13-1&oh=06_AbEmfw-oq3LuZCQp395xMPKdtim8SNqtYF5IxvpJoFCxDA&oe=6463DEBD&_nc_sid=7b0f64","500",,,,,,"شغل أون لاين","577176034440202","1","باي بال وبايونير هما من أكبر البنوك الإلكترونية على الانترنت وغالباً ما تجد واحداً منهما أو كليهما في أي موقع من مواقع الشغل الاون لاين أو الربح عموماً من الإنترنت، بنك باي بال هو أقوى بنك إلكتروني وأكبرهم كذلك، ولكن العرب غالباً يواجهون مشكلة سحب أموالهم من هذا البنك ولذلك فإن الحل الأنسب هو إنشاء حساب باي بال وربطه بحسابك البنكي في بايونير لتسهيل عملية السحب وبأقل تكلفة ممكنة، ولذلك سنشرح في السطور التالية كيفية انشاء حساب باي بال وكذلك كيفية إنشاء حساب بايونير وطريقة ربطهم ببعض وطريقة ارسال الأرباح لبايونير وإرسالها إلى حسابك في البنك المحلي وسحبها من ماكينة ATM.

اقرأ الموضوع من هنا https://shoghlonline.com/إنشاء-حساب-باي-بال-وربطه-بحساب-بايونير

#بايبال #بايونير #شغل_أون_لاين","2023-03-05T19:57:31.000Z","1678046251","https://www.facebook.com/100064434321918/posts/577176034440202","https://www.facebook.com/shoghlonline/posts/577176034440202"
"2","100064434321918","https://www.facebook.com/shoghlonline","ZmVlZGJhY2s6NTc2OTk1ODI0NDU4MjIz","4","Photo","Photo","FFF7F7F7",,"576995791124893",,,,"May be a graphic of ‎magazine, poster and ‎text that says '‎ننز شغل اونلاين ARCH SEARCH خطوات تحسين محركات البحث المحلية @shoghlonline shoghlonline.com‎'‎‎","444","https://scontent-ord5-2.xx.fbcdn.net/v/t39.30808-6/332038120_3442072836067802_7024579955082811528_n.jpg?_nc_cat=100&ccb=1-7&_nc_sid=730e14&_nc_ohc=bdR_5CmZly0AX9yW_14&_nc_ht=scontent-ord5-2.xx&oh=00_AfDcBf8Ssf4GY_ryuP8RjSUWfCFH6wSKddDDrbnAFgWFOQ&oe=6466F0D5","850","https://www.facebook.com/photo/?fbid=576995791124893&set=a.549396763884796","شغل أون لاين","576995824458223","0","في ساحة الأعمال التجارية شديدة التنافس، من الصعب على الشركات الصغيرة تحقيق النجاح بسهولة، ولذلك تأتي أهمية محسنات محركات البحث المحلية.

اقرأ المقال كاملاً من الرابط التالي
https://lnkd.in/djwGyrNs","2023-03-05T15:14:04.000Z","1678029244","https://www.facebook.com/100064434321918/posts/576995824458223","https://www.facebook.com/shoghlonline/posts/pfbid0kKe1WsU1otomVMcTcEb6AjCVaNYKKrhgXYQttkv5cK17h2vCpfwDA4s8sf3wqeJrl"
"4","100064434321918","https://www.facebook.com/shoghlonline","ZmVlZGJhY2s6NTc2NDkxNjUxMTc1MzA3","6","Photo","Photo","FFE7E7E7",,"576491591175313",,,,"May be an image of text","526","https://scontent-iad3-1.xx.fbcdn.net/v/t39.30808-6/333597617_181120444713082_3392754397767480401_n.jpg?stp=dst-jpg_p526x296&_nc_cat=102&ccb=1-7&_nc_sid=730e14&_nc_ohc=udRxdktwOHEAX9z6RVf&_nc_ht=scontent-iad3-1.xx&oh=00_AfCs2Yo50LFuNetwP7g9bg5P4dVyRjKAUWzjrqXirgqtMw&oe=6465FB54","526","https://www.facebook.com/photo/?fbid=576491591175313&set=a.549396763884796","شغل أون لاين","576491651175307","0","انطلقت منصة ميرش باي امازون عام 2015 وهي شركة تابعة لمؤسسة أمازون العملاقة، وتعد من أفضل المنصات التي تستطيع منها شراء الملابس والتيشيرتات المطبوعة، وتحظى بإقبال ضخم جداً من جميع الفئات العمرية، ولكن الجديد الذي تقدمه ميرش باي امازون أنها تفتح المجال لكي يربح مصممي التيشيرتات، بحيث تقوم بعرض منتجاتهم على المنصة، وبيعها للمستهلكين في كل أنحاء العالم مع حصولهم على ربح جيد جداً

تعرف على المزيد من خلال قرائتك لهذا المقال https://shoghlonline.com/earn-from-merch-by-amazon

#merchdesign #design","2023-03-04T19:17:09.000Z","1677957429","https://www.facebook.com/100064434321918/posts/576491651175307","https://www.facebook.com/shoghlonline/posts/pfbid02vtrRvs3V1eMCDfwEpgS3YcyurJHMD8DtS4TEvoj8fKJQa9CGWijuT1GyXJfNYXk1l"
"5","100064434321918","https://www.facebook.com/shoghlonline","ZmVlZGJhY2s6NTc0Njk4MjExMzU0NjUx","9","GenericAttachmentMedia","GenericAttachmentMedia",,,"5788954401202347","261","https://external-lga3-2.xx.fbcdn.net/emg1/v/t13/8821537416606244937?url=https%3A%2F%2Fs3.eu-west-3.amazonaws.com%2Fshoghlonline.com%2Fwp-content%2Fuploads%2F2022%2F06%2F%25D8%25A8%25D8%25B1%25D9%2585%25D8%25AC%25D8%25A9-%25D8%25AA%25D8%25B7%25D8%25A8%25D9%258A%25D9%2582%25D8%25A7%25D8%25AA-%25D8%25A7%25D9%2586%25D8%25AF%25D8%25B1%25D9%2588%25D9%258A%25D8%25AF-%25D8%25A8%25D9%2584%25D8%25BA%25D8%25A9-%25D8%25A8%25D8%25A7%25D9%258A%25D8%25AB%25D9%2588%25D9%2586.webp&fb_obo=1&utld=amazonaws.com&stp=c0.5000x0.5000f_dst-jpg_flffffff_p500x261_q75&ccb=13-1&oh=06_AbH9zE_u0fuzSJUG3mLFQe8urK_qiqWVgVw6XV0kFWU14g&oe=6463DA49&_nc_sid=7b0f64","500",,,,,,"شغل أون لاين","574698211354651","0","ترغب في إنشاء تطبيق على الاندرويد؟ خلال رحلة بحثك اكتشفت الكثير من الطرق ولغات البرمجة، وظهر أمام عينك كثيرًا برمجة تطبيقات اندرويد بلغة بايثون ولكن ما هي لغة بايثون وما هي لغات البرمجة وما دورها في برمجة التطبيقات؟ والكثير من الأسئلة الأخرى التي قد تتساءلها وخاصة إذا كنت مبتدئ في مجال البرمجة أو حتى إذا كنت مبرمج ولكنك تريد التعمق أكثر في لغة البايثون. كل هذه الأسئلة سنعرض إجابات مُفصلة لها في هذه المقالة، لتتمكن من تحديد وجهتك السليمة أثناء العمل على القيام ببرمجة تطبيقات اندرويد.

اقرأ من هنا https://shoghlonline.com/برمجة-تطبيقات-اندرويد-بلغة-بايثون

#python #pythonprogramming #pythondeveloper","2023-03-01T21:19:49.000Z","1677705589","https://www.facebook.com/100064434321918/posts/574698211354651","https://www.facebook.com/shoghlonline/posts/pfbid0EDNPuStq27Jg6giE2kLcX7bP193Acr7AbvpX2GQrohVPUiz9JR1wpzLRbHt1JAD8l"
"0","100064434321918","https://www.facebook.com/shoghlonline","ZmVlZGJhY2s6NTczMzkzOTcxNDg1MDc1","9","Photo","Photo","FF222A6A",,"573393928151746",,,,"No photo description available.","478","https://scontent-lax3-1.xx.fbcdn.net/v/t39.30808-6/331534103_2408305792671803_3062187710877770226_n.jpg?_nc_cat=104&ccb=1-7&_nc_sid=730e14&_nc_ohc=rT35Ux1UGNIAX-3XW_C&_nc_ht=scontent-lax3-1.xx&oh=00_AfD-UwmdoV8yoH1iJVha3eJ_bRRSX2Ac4IbVGELPba3pGg&oe=6466D69E","850","https://www.facebook.com/photo/?fbid=573393928151746&set=a.549396763884796","شغل أون لاين","573393971485075","0","تتمتع العلامات التجارية بفرص متاحة كثيرة للوصول إلى عملائها المثاليين وجذبهم. ومن ناحية أخرى يعني هذا أنه على الرغم من أن لديك فرصة أفضل لزيادة المبيعات عبر الإنترنت، إلا أن كل هذا يتوقف على ما تقدمه لجمهورك في اللحظة التي يهبطون فيها على موقع الويب الخاص بك.

اقرأ المقال كاملاً من الرابط التالي
https://blog.shoghlonline.com/%d8%a7%d9%87%d9%85%d9%8a%d8%a9-%d9%83%d8%aa%d8%a7%d8%a8%d8%a9-%d9%85%d8%ad%d8%aa%d9%88%d9%89-%d9%84%d9%85%d9%88%d9%82%d8%b9/","2023-02-27T15:56:12.000Z","1677513372","https://www.facebook.com/100064434321918/posts/573393971485075","https://www.facebook.com/shoghlonline/posts/pfbid02ZwzvB9jRzK1p1za3y4cnXnZZYoYTXA3M5s6pbmb7s7AjqSE6zJRRyjUhN8VAUXFZl"
"18","100064434321918","https://www.facebook.com/shoghlonline","ZmVlZGJhY2s6NTcyNjM5NzU0ODkzODMw","8","Photo","Photo","FF895118",,"572639598227179",,,,"May be an image of studying and office","540","https://scontent.find1-1.fna.fbcdn.net/v/t39.30808-6/331480157_652141546682549_6432995652545609358_n.jpg?stp=dst-jpg_p180x540&_nc_cat=100&ccb=1-7&_nc_sid=730e14&_nc_ohc=5MaiI5O2COkAX_50AP2&_nc_ht=scontent.find1-1.fna&oh=00_AfAGwBYrijI8bW0qumtOsni8xJHg_a7Lqy7xqJEYUJ8zow&oe=646783B5","810","https://www.facebook.com/photo/?fbid=572639598227179&set=a.549396763884796","شغل أون لاين","572639754893830","0","مع التطور التكنولوجي الكبير الذي تشهده كل مجالات العمل على مستوى العالم، ذهب الجميع إلي الاستغناء عن الأوراق واستبدال كل التعاملات والمعاملات إلي الحاسب الآلي. ومن هنا ظهر تخصص نظم المعلومات الادارية الذي اعتمدت عليه الكثير من الشركات في الآونة الأخيرة حيث أنه ينجز في الوقت والمجهود ويجعل الجميع يحصل على البيانات والمعلومات في أسرع وقت ممكن. 

اقرأ المقال كاملاً من الرابط التالي

https://jobsindeep.com/%d8%aa%d8%ae%d8%b5%d8%b5-%d9%86%d8%b8%d9%85-%d8%a7%d9%84%d9%85%d8%b9%d9%84%d9%88%d9%85%d8%a7%d8%aa-%d8%a7%d9%84%d8%a7%d8%af%d8%a7%d8%b1%d9%8a%d8%a9/?lang=ar","2023-02-26T15:25:34.000Z","1677425134","https://www.facebook.com/100064434321918/posts/572639754893830","https://www.facebook.com/shoghlonline/posts/pfbid02pikdiKGUtSnDbypp6n9T5n76nPyJ54tqQT9QBaBno39ishVCG32scy8xxkvHgH8Xl"
"6","100064434321918","https://www.facebook.com/shoghlonline","ZmVlZGJhY2s6NTcwODEzNTY1MDc2NDQ5","12","GenericAttachmentMedia","GenericAttachmentMedia",,,"9103058969734534","261","https://external-ord5-1.xx.fbcdn.net/emg1/v/t13/13226174432751880430?url=https%3A%2F%2Fs3.eu-west-3.amazonaws.com%2Fshoghlonline.com%2Fwp-content%2Fuploads%2F2022%2F02%2F%25D9%2586%25D9%2585%25D9%2588%25D8%25B0%25D8%25AC-%25D8%25B9%25D9%2582%25D8%25AF-%25D8%25B9%25D9%2585%25D9%2584-%25D8%25AD%25D8%25B1-%25D9%2588%25D8%25A3%25D9%2586%25D9%2588%25D8%25A7%25D8%25B9%25D9%2587-%25D8%25A7%25D9%2584%25D9%2585%25D8%25AE%25D8%25AA%25D9%2584%25D9%2581%25D8%25A9.webp&fb_obo=1&utld=amazonaws.com&stp=c0.5000x0.5000f_dst-jpg_flffffff_p500x261_q75&ccb=13-1&oh=06_AbF14kOiM7dAsD8eE25MRNKYZg740b5oV6LI8eLfH35DIA&oe=6463D9DD&_nc_sid=7b0f64","500",,,,,,"شغل أون لاين","570813565076449","1","عقد العمل هو الأساس لضمان الحقوق كل من العامل وصاحب العمل في أي طبيعة عمل، فما بالك بالعمل الحر الذي قد يتعرض الفري لانسر إلى الكثير من النصب حيث سيقوم بتوفير عمل ولا يتقاضى مقابله عائد مادي. لذلك يلجأ العاملين بشكل حر إلى البحث عن نموذج عقد عمل حر يضمن لهم حقوقهم منعًا لحدوث أي نوع من أنواع النصب أو فقدان الحق.

عادة ما تحتوي العقود على بعض البيانات التي لا تتغير من حيث المعلومات عن أطراف العقد وكل الحقوق والواجبات وهذا ما سنتعرف عليه خلال هذه المقالة مع بعض النماذج الجاهزة لتستخدمها على الفور

رابط المقال https://shoghlonline.com/نموذج-عقد-عمل-حر

#العمل_الحر #شغل_أون_لاين","2023-02-23T19:10:25.000Z","1677179425","https://www.facebook.com/100064434321918/posts/570813565076449","https://www.facebook.com/shoghlonline/posts/pfbid0bY4inTWhsi3dTQq1RC1PRh2ZPs28YxxUg6KsKjZ5rnvpxyLLu5gPNE9cYMxbFW5Ml"
"22","100064434321918","https://www.facebook.com/shoghlonline","ZmVlZGJhY2s6NTcwMTQ2MDg4NDc2NTMw","11","Photo","Photo","FFFFFFFF",,"570146031809869",,,,"May be an image of map, magazine, tablet and screen","526","https://scontent-dfw5-2.xx.fbcdn.net/v/t39.30808-6/333016566_589058516454694_2258931747850633084_n.jpg?stp=dst-jpg_p526x296&_nc_cat=106&ccb=1-7&_nc_sid=730e14&_nc_ohc=G_5SxWh5P-MAX9AibBi&_nc_ht=scontent-dfw5-2.xx&oh=00_AfBZA4ngzdp4hlVF-21QG7-TBrnfjMpf_MeB120bCb22zg&oe=64674458","526","https://www.facebook.com/photo/?fbid=570146031809869&set=a.549396763884796","شغل أون لاين","570146088476530","0","مجالات الترجمة اون لاين عدّة ومختلفة، و يختلف حجم الطلب عليها وفقاً لمدى الاحتياج أو ندرة اللغة المترجم إليها، وما هي المجالات المطلوبة تحديداً.
وهناك العديد من مجالات الترجمة اون لاين، والتي تقوم بعض الشركات أو المكاتب بطلب مترجمين للعمل لديها عن بعد، ونذكر منها في المقال التالي

اقرأ من هنا https://shoghlonline.com/%D8%B4%D8%BA%D9%84-%D8%AA%D8%B1%D8%AC%D9%85%D8%A9-%D8%A7%D9%88%D9%86-%D9%84%D8%A7%D9%8A%D9%86/

#ترجمة #مترجم","2023-02-22T19:52:04.000Z","1677095524","https://www.facebook.com/100064434321918/posts/570146088476530","https://www.facebook.com/shoghlonline/posts/pfbid02DjQm179G5vgDYLaTixjebqZU1koxirSpRCEveisAevN12ueHNa6LHnnYsnhDgMQXl"
