"comments","facebookId","facebookUrl","feedbackId","isVideo","likes","media/0/__isMedia","media/0/__typename","media/0/accent_color","media/0/animated_image_caption","media/0/audio_availability","media/0/audio_settings","media/0/autoplay_gating_result","media/0/breakingStatus","media/0/broadcast_id","media/0/broadcast_low_latency_config","media/0/broadcast_status","media/0/broadcaster_origin","media/0/can_autoplay","media/0/can_use_oz","media/0/can_viewer_share","media/0/canonical_uri_with_fallback","media/0/captions_settings","media/0/captions_url","media/0/clip_fallback_cover","media/0/comet_video_player_audio_background_renderer","media/0/comet_video_player_audio_overlay_renderer","media/0/comet_video_player_context_sensitive_config","media/0/comet_video_player_music_sprout_background_renderer","media/0/comet_video_player_static_config","media/0/dash_manifest","media/0/dash_prefetch_experimental/0","media/0/dash_prefetch_experimental/1","media/0/drm_info","media/0/end_cards_channel_info/__module_component_useVideoPlayerWatchEndScreenWithActions_video/__dr","media/0/end_cards_channel_info/__module_operation_useVideoPlayerWatchEndScreenWithActions_video/__dr","media/0/end_cards_channel_info/video/can_viewer_share","media/0/end_cards_channel_info/video/creation_story/id","media/0/end_cards_channel_info/video/creation_story/shareable","media/0/end_cards_channel_info/video/id","media/0/end_cards_channel_info/video_chaining_caller","media/0/end_cards_channel_info/video_channel_entry_point","media/0/fbls_tier","media/0/height","media/0/id","media/0/if_viewer_can_see_community_moderation_tools","media/0/if_viewer_can_see_costreaming_tools","media/0/if_viewer_can_see_pay_to_access_paywall","media/0/if_viewer_can_use_clipping","media/0/if_viewer_can_use_latency_menu","media/0/if_viewer_can_use_latency_menu_toggle","media/0/if_viewer_can_use_live_rewind","media/0/image/uri","media/0/info/__module_component_useVideoPlayerWatchPauseScreenWithActions_video/__dr","media/0/info/__module_operation_useVideoPlayerWatchPauseScreenWithActions_video/__dr","media/0/info/video_chaining_caller","media/0/info/video_channel_entry_point","media/0/info/video_id","media/0/isPremiere","media/0/is_clip","media/0/is_clipping_enabled","media/0/is_gaming_video","media/0/is_huddle","media/0/is_latency_menu_enabled","media/0/is_latency_sensitive_broadcast","media/0/is_live_audio_room_v2_broadcast","media/0/is_live_streaming","media/0/is_live_trace_enabled","media/0/is_looping","media/0/is_music_clip","media/0/is_ncsr","media/0/is_podcast_video","media/0/is_rss_podcast_video","media/0/is_soundbites_video","media/0/is_spherical","media/0/is_spherical_enabled","media/0/is_video_broadcast","media/0/latency_sensitive_config","media/0/liveViewerCount","media/0/live_playback_instrumentation_configs","media/0/live_rewind_enabled","media/0/live_speaker_count_indicator","media/0/loop_count","media/0/matcha_related_keywords_links/0","media/0/min_quality_preference","media/0/music_attachment_metadata","media/0/ocrText","media/0/original_height","media/0/original_rotation","media/0/original_width","media/0/owner/__isVideoOwner","media/0/owner/__typename","media/0/owner/has_professional_features_for_watch","media/0/owner/id","media/0/p2p_settings","media/0/permalink_url","media/0/photo_image/height","media/0/photo_image/uri","media/0/photo_image/width","media/0/playable_duration_in_ms","media/0/playable_url","media/0/playable_url_dash","media/0/playable_url_quality_hd","media/0/pmv_metadata","media/0/preferred_thumbnail/id","media/0/preferred_thumbnail/image/uri","media/0/preferred_thumbnail/image_preview_payload","media/0/publish_time","media/0/recipient_group","media/0/rehearsalInfo","media/0/scrubber_preview_thumbnail_information/has_preview_thumbnails","media/0/scrubber_preview_thumbnail_information/max_number_of_images_per_sprite","media/0/scrubber_preview_thumbnail_information/num_images_per_row","media/0/scrubber_preview_thumbnail_information/thumbnail_height","media/0/scrubber_preview_thumbnail_information/thumbnail_width","media/0/scrubber_preview_thumbnail_information/time_interval_between_image","media/0/spherical_video_fallback_urls","media/0/spherical_video_renderer","media/0/thumbnailImage/uri","media/0/unsupported_browser_message","media/0/url","media/0/videoId","media/0/video_anchor_tag_info","media/0/video_collaborator_page_or_delegate_page","media/0/video_container_type","media/0/video_imf_data","media/0/video_player_shaka_live_p2p_init","media/0/video_player_shaka_performance_logger_init/__module_component_useVideoPlayerShakaPerformanceLoggerRelayImpl_video/__dr","media/0/video_player_shaka_performance_logger_init/__module_operation_useVideoPlayerShakaPerformanceLoggerRelayImpl_video/__dr","media/0/video_player_shaka_performance_logger_init/__typename","media/0/video_player_shaka_performance_logger_init2/__module_component_useVideoPlayerShakaPerformanceLoggerBuilder_video/__dr","media/0/video_player_shaka_performance_logger_init2/__module_operation_useVideoPlayerShakaPerformanceLoggerBuilder_video/__dr","media/0/video_player_shaka_performance_logger_init2/__typename","media/0/video_player_shaka_performance_logger_init2/per_session_sampling_rate","media/0/video_player_shaka_performance_logger_should_sample","media/0/viewer_autoplay_setting","media/0/width","pageName","postId","shares","text","time","timestamp","topLevelUrl","url"
"12","100053653275489","https://www.facebook.com/affkars","ZmVlZGJhY2s6Nzc3NzAzMjQ0MDI4MTEx","true","276",,"Video",,,"AVAILABLE",,"ugc_default_allowed","false",,,,,"true","true","false","https://www.facebook.com/affkars/videos/%D9%83%D9%8A%D9%81-%D8%B3%D9%8A%D9%83%D9%88%D9%86-%D8%B4%D8%B9%D9%88%D8%B1%D9%83-%D8%A5%D9%86-%D8%A7%D8%B9%D8%B7%D9%8A%D8%AA%D9%83-%D9%85%D9%84%D9%8A%D9%88%D9%86-%D8%AF%D9%88%D9%84%D8%A7%D8%B1/508460104675225/",,,,,,"{}",,"{}","<?xml version=""1.0"" encoding=""UTF-8""?>
<MPD xmlns=""urn:mpeg:dash:schema:mpd:2011"" xmlns:xsi=""http://www.w3.org/2001/XMLSchema-instance"" xsi:schemaLocation=""urn:mpeg:dash:schema:mpd:2011 DASH-MPD.xsd"" profiles=""urn:mpeg:dash:profile:isoff-on-demand:2011"" minBufferTime=""PT2S"" type=""static"" mediaPresentationDuration=""PT72.72344970703125S"" FBTagsetUsed=""r2_vp9_gen1avc"" FBManifestIdentifier=""FgAYDnIyX3ZwOV9nZW4xYXZjGXbmtbOdmLNilKCN+ofihgK+kJLF4oOXArzWt46/tM4CyJfCjrfi4gKK/L6FxPuvA7TA56/Ti4cFAA==""><Period id=""0"" duration=""PT72.72344970703125S""><AdaptationSet id=""0"" contentType=""video"" frameRate=""15360/512"" subsegmentAlignment=""true"" par=""9:16""><Representation id=""577828787693578v"" bandwidth=""132765"" codecs=""vp09.00.21.08.01.01.01.01.00"" mimeType=""video/mp4"" sar=""1:1"" FBEncodingTag=""dash_r2_vp9_gen1avc_q40_frag_2_video"" FBPlaybackResolutionMos=""0:100,360:75.3,480:73.7,720:71.6,1080:69.3"" FBPlaybackResolutionMosConfidenceLevel=""high"" FBPlaybackResolutionCsvqm=""0:100,360:91.3,480:78.5,720:62.8,1080:45.2"" FBAbrPolicyTags=""hvq_www_inline"" width=""360"" height=""640"" FBDefaultQuality=""1"" FBQualityClass=""sd"" FBQualityLabel=""270p""><BaseURL>https://video.fpos2-1.fna.fbcdn.net/v/t39.25447-2/343663181_637183151585453_3635104520901451950_n.mp4?_nc_cat=111&ccb=1-7&_nc_sid=9c5c06&efg=eyJ2ZW5jb2RlX3RhZyI6ImRhc2hfcjJfdnA5X2dlbjFhdmNfcTQwX2ZyYWdfMl92aWRlbyJ9&_nc_ohc=0NfamVpuTTIAX-y14d7&_nc_ht=video.fpos2-1.fna&oh=00_AfAdih8y1Ogq6cKLkuLdaYzx44Pr0OWwIfU46eGxPNL7cg&oe=6467AA7D</BaseURL><SegmentBase indexRange=""792-1003"" timescale=""15360"" FBFirstSegmentRange=""1004-62815""><Initialization range=""0-791""/></SegmentBase></Representation><Representation id=""216383704427891v"" bandwidth=""234517"" codecs=""vp09.00.21.08.01.01.01.01.00"" mimeType=""video/mp4"" sar=""1:1"" FBEncodingTag=""dash_r2_vp9_gen1avc_q50_frag_2_video"" FBPlaybackResolutionMos=""0:100,360:83.9,480:81.7,720:78,1080:74.7"" FBPlaybackResolutionMosConfidenceLevel=""high"" FBPlaybackResolutionCsvqm=""0:100,360:96.2,480:83.7,720:69.1,1080:52.1"" FBAbrPolicyTags=""hvq_www_inline"" width=""360"" height=""640"" FBQualityClass=""sd"" FBQualityLabel=""360p""><BaseURL>https://video.fpos2-1.fna.fbcdn.net/v/t39.25447-2/344291000_651445980150459_1543802800267007298_n.mp4?_nc_cat=108&ccb=1-7&_nc_sid=9c5c06&efg=eyJ2ZW5jb2RlX3RhZyI6ImRhc2hfcjJfdnA5X2dlbjFhdmNfcTUwX2ZyYWdfMl92aWRlbyJ9&_nc_ohc=-GDxsCTsteMAX9dLhG-&_nc_ht=video.fpos2-1.fna&oh=00_AfBXsMg8NdWPZ5QtaJDpZfkZD6PGiYVFWwbd6l5hQ-woiQ&oe=646703FD</BaseURL><SegmentBase indexRange=""792-1003"" timescale=""15360"" FBFirstSegmentRange=""1004-110662""><Initialization range=""0-791""/></SegmentBase></Representation><Representation id=""735375591404958v"" bandwidth=""409583"" codecs=""vp09.00.30.08.01.01.01.01.00"" mimeType=""video/mp4"" sar=""1:1"" FBEncodingTag=""dash_r2_vp9_gen1avc_q60_frag_2_video"" FBPlaybackResolutionMos=""0:100,360:89.1,480:87.7,540:86.4,720:86.1,1080:82.2"" FBPlaybackResolutionMosConfidenceLevel=""high"" FBPlaybackResolutionCsvqm=""0:100,360:93.6,480:92.6,720:86.6,1080:68.3"" FBAbrPolicyTags=""hvq_www_inline"" width=""540"" height=""960"" FBQualityClass=""sd"" FBQualityLabel=""540p""><BaseURL>https://video.fpos2-1.fna.fbcdn.net/v/t39.25447-2/344428582_764157381830769_6267596832235614536_n.mp4?_nc_cat=108&ccb=1-7&_nc_sid=9c5c06&efg=eyJ2ZW5jb2RlX3RhZyI6ImRhc2hfcjJfdnA5X2dlbjFhdmNfcTYwX2ZyYWdfMl92aWRlbyJ9&_nc_ohc=UBxr6xxRF4wAX9Bb-AI&_nc_ht=video.fpos2-1.fna&oh=00_AfAyB1CkM7AAmHD9LUZt-hqEqcRDCj6FHJMuwa7DOZPBWQ&oe=64662F62</BaseURL><SegmentBase indexRange=""792-1003"" timescale=""15360"" FBFirstSegmentRange=""1004-193966""><Initialization range=""0-791""/></SegmentBase></Representation><Representation id=""1422968215105562v"" bandwidth=""562133"" codecs=""vp09.00.31.08.01.01.01.01.00"" mimeType=""video/mp4"" sar=""1:1"" FBEncodingTag=""dash_r2_vp9_gen1avc_q70_frag_2_video"" FBPlaybackResolutionMos=""0:100,360:91,480:89.9,720:87.9,1080:85.6"" FBPlaybackResolutionMosConfidenceLevel=""high"" FBPlaybackResolutionCsvqm=""0:100,360:93.9,480:94.5,720:97,1080:78.7"" FBAbrPolicyTags=""hvq_www_inline,hvq"" width=""720"" height=""1280"" FBQualityClass=""hd"" FBQualityLabel=""720p""><BaseURL>https://video.fpos2-1.fna.fbcdn.net/v/t39.25447-2/344432784_769766698032565_724232287853683107_n.mp4?_nc_cat=107&ccb=1-7&_nc_sid=9c5c06&efg=eyJ2ZW5jb2RlX3RhZyI6ImRhc2hfcjJfdnA5X2dlbjFhdmNfcTcwX2ZyYWdfMl92aWRlbyJ9&_nc_ohc=n9e2DVlbjCkAX-SLoqi&_nc_ht=video.fpos2-1.fna&oh=00_AfAs7zWsGDeGMzF2Pr88cX5juTzrVqjMH81GIBV3PJoW3Q&oe=64679CC0</BaseURL><SegmentBase indexRange=""792-1003"" timescale=""15360"" FBFirstSegmentRange=""1004-264362""><Initialization range=""0-791""/></SegmentBase></Representation><Representation id=""949901279616773v"" bandwidth=""730837"" codecs=""vp09.00.40.08.01.01.01.01.00"" mimeType=""video/mp4"" sar=""1:1"" FBEncodingTag=""dash_r2_vp9_gen1avc_q80_frag_2_video"" FBPlaybackResolutionMos=""0:100,360:92.1,480:91.1,720:89.8,1080:88.3"" FBPlaybackResolutionMosConfidenceLevel=""high"" FBPlaybackResolutionCsvqm=""0:100,360:96.3,480:95.6,720:94.3,1080:92.7"" FBAbrPolicyTags=""avoid_on_cellular,avoid_on_cellular_intentional,hvq_www_inline,hvq"" width=""1080"" height=""1920"" FBQualityClass=""hd"" FBQualityLabel=""960p""><BaseURL>https://video.fpos2-1.fna.fbcdn.net/v/t39.25447-2/344555643_222052577189909_5796732791121637485_n.mp4?_nc_cat=105&ccb=1-7&_nc_sid=9c5c06&efg=eyJ2ZW5jb2RlX3RhZyI6ImRhc2hfcjJfdnA5X2dlbjFhdmNfcTgwX2ZyYWdfMl92aWRlbyJ9&_nc_ohc=Ex7sqa1UDI0AX94JkE0&_nc_ht=video.fpos2-1.fna&oh=00_AfDu5ArJgGGboT2x7FUymBISnLlSbewecHbLYntf6ZaetA&oe=6467475B</BaseURL><SegmentBase indexRange=""792-1003"" timescale=""15360"" FBFirstSegmentRange=""1004-333899""><Initialization range=""0-791""/></SegmentBase></Representation><Representation id=""780145256842724v"" bandwidth=""987826"" codecs=""vp09.00.40.08.01.01.01.01.00"" mimeType=""video/mp4"" sar=""1:1"" FBEncodingTag=""dash_r2_vp9_gen1avc_q90_frag_2_video"" FBPlaybackResolutionMos=""0:100,360:93.9,480:92.9,720:91.8,1080:90.3"" FBPlaybackResolutionMosConfidenceLevel=""high"" FBPlaybackResolutionCsvqm=""0:100,360:96.8,480:96.2,720:95.3,1080:93.9"" FBAbrPolicyTags=""avoid_on_cellular,avoid_on_cellular_intentional,hvq_www_inline,hvq"" width=""1080"" height=""1920"" FBQualityClass=""hd"" FBQualityLabel=""1080p""><BaseURL>https://video.fpos2-1.fna.fbcdn.net/v/t39.25447-2/343740850_941880197056272_5398012840663899028_n.mp4?_nc_cat=105&ccb=1-7&_nc_sid=9c5c06&efg=eyJ2ZW5jb2RlX3RhZyI6ImRhc2hfcjJfdnA5X2dlbjFhdmNfcTkwX2ZyYWdfMl92aWRlbyJ9&_nc_ohc=hCovdlJrEfoAX_aHIWK&_nc_ht=video.fpos2-1.fna&oh=00_AfDKsz3lcidpyM9X9cvoS11pwpQ91FZg0uOmonAtEiK66Q&oe=646615DD</BaseURL><SegmentBase indexRange=""792-1003"" timescale=""15360"" FBFirstSegmentRange=""1004-464006""><Initialization range=""0-791""/></SegmentBase></Representation></AdaptationSet><AdaptationSet id=""1"" contentType=""audio"" subsegmentAlignment=""true""><Representation id=""613592253744159a"" bandwidth=""49360"" codecs=""mp4a.40.5"" mimeType=""audio/mp4"" FBAvgBitrate=""49360"" audioSamplingRate=""44100"" FBEncodingTag=""dash_audio_aacp_48_fnorm14_frag_2_audio"" FBDefaultQuality=""1""><AudioChannelConfiguration schemeIdUri=""urn:mpeg:dash:23003:3:audio_channel_configuration:2011"" value=""2""/><BaseURL>https://video.fpos2-1.fna.fbcdn.net/v/t39.25447-2/344719682_1273493220191972_1871351567095897143_n.mp4?_nc_cat=109&ccb=1-7&_nc_sid=9c5c06&efg=eyJ2ZW5jb2RlX3RhZyI6ImRhc2hfYXVkaW9fYWFjcF80OF9mbm9ybTE0X2ZyYWdfMl9hdWRpbyJ9&_nc_ohc=Sa4t4sPmqQEAX_3L54d&_nc_ht=video.fpos2-1.fna&oh=00_AfAVTFt0Itzcd_iIXxEUSVARW2wf3VmES2QpNc-3PWVbgg&oe=6465F7FF</BaseURL><SegmentBase indexRange=""817-1292"" timescale=""44100"" FBFirstSegmentRange=""1293-14820""><Initialization range=""0-816""/></SegmentBase></Representation></AdaptationSet></Period></MPD>
","216383704427891v","613592253744159a","{""video_license_uri_map"":{},""graph_api_video_license_uri"":null,""fairplay_cert"":null,""widevine_cert"":""CsECCAMSEBcFuRfMEgSGiwYzOi93KowYgrSCkgUijgIwggEKAoIBAQCZ7Vs7Mn2rXiTvw7YqlbWYUgrVvMs3UD4GRbgU2Ha430BRBEGtjOOtsRu4jE5yWl5KngeVKR1YWEAjp+GvDjipEnk5MAhhC28VjIeMfiG\/+\/7qd+EBnh5XgeikX0YmPRTmDoBYqGB63OBPrIRXsTeo1nzN6zNwXZg6IftO7L1KEMpHSQykfqpdQ4IY3brxyt4zkvE9b\/tkQv0x4b9AsMYE0cS6TJUgpL+X7r1gkpr87vVbuvVk4tDnbNfFXHOggrmWEguDWe3OJHBwgmgNb2fG2CxKxfMTRJCnTuw3r0svAQxZ6ChD4lgvC2ufXbD8Xm7fZPvTCLRxG88SUAGcn1oJAgMBAAE6FGxpY2Vuc2Uud2lkZXZpbmUuY29tEoADrjRzFLWoNSl\/JxOI+3u4y1J30kmCPN3R2jC5MzlRHrPMveoEuUS5J8EhNG79verJ1BORfm7BdqEEOEYKUDvBlSubpOTOD8S\/wgqYCKqvS\/zRnB3PzfV0zKwo0bQQQWz53ogEMBy9szTK\/NDUCXhCOmQuVGE98K\/PlspKkknYVeQrOnA+8XZ\/apvTbWv4K+drvwy6T95Z0qvMdv62Qke4XEMfvKUiZrYZ\/DaXlUP8qcu9u\/r6DhpV51Wjx7zmVflkb1gquc9wqgi5efhn9joLK3\/bNixbxOzVVdhbyqnFk8ODyFfUnaq3fkC3hR3f0kmYgI41sljnXXjqwMoW9wRzBMINk+3k6P8cbxfmJD4\/Paj8FwmHDsRfuoI6Jj8M76H3CTsZCZKDJjM3BQQ6Kb2m+bQ0LMjfVDyxoRgvfF\/\/M\/EEkPrKWyU2C3YBXpxaBquO4C8A0ujVmGEEqsxN1HX9lu6c5OMm8huDxwWFd7OHMs3avGpr7RP7DUnTikXrh6X0""}","VideoPlayerWatchInlineEndScreen.react","VideoPlayerWatchInlineEndScreen_info$normalization.graphql","false","UzpfSTEwMDA1MzY1MzI3NTQ4OTpWSzo1MDg0NjAxMDQ2NzUyMjU=",,"508460104675225","CHANNEL_VIEW_FROM_END_CARD","PROFILE",,"1920","508460104675225",,,,,,,,"https://scontent.fpos2-1.fna.fbcdn.net/v/t15.5256-10/332467029_214386377982912_3478845768104657101_n.jpg?stp=dst-jpg_p296x100&_nc_cat=110&ccb=1-7&_nc_sid=ad6a45&_nc_ohc=q03W8RmIF-gAX_S6qhJ&_nc_ht=scontent.fpos2-1.fna&oh=00_AfBzaDsuna4ubw1vVQF3uCzqFPwm6eoU6AvchOMnoRVltw&oe=6465D2D9","VideoPlayerWatchInlinePauseScreen.react","VideoPlayerWatchInlinePauseScreen_info$normalization.graphql","CHANNEL_VIEW_FROM_END_CARD","PROFILE","508460104675225","false","false","false","false","false","false","false","false","false","false","false","false","false","false","false","false","false","true","false",,"0",,"false",,"0","",,,,"1920","NO_ROTATE","1080","User","User","true","100053653275489",,"https://www.facebook.com/affkars/videos/508460104675225/",,,,"72772","https://video.fpos2-1.fna.fbcdn.net/v/t42.1790-2/343494913_898275597909554_6127593210238189500_n.mp4?_nc_cat=103&ccb=1-7&_nc_sid=985c63&efg=eyJybHIiOjMwOSwicmxhIjo1MTIsInZlbmNvZGVfdGFnIjoic3ZlX3NkIn0%3D&_nc_ohc=pYoaDhHQk1MAX9BP8pk&_nc_oc=AQnTlxp9TnPoODa7HA2pzbHILSNoO6JRtwd4RH40D1miZlfWAoUBESXL2FgKCJw4bwk&rl=309&vabr=172&_nc_ht=video.fpos2-1.fna&oh=00_AfC-V_ur-s_8hRNCEwQQJiUZiOhjBggCN34nQwsBAGAuPg&oe=64677D48","https://www.facebook.com/video/playback/dash_mpd_debug.mpd?v=508460104675225&dummy=.mpd","https://video.fpos2-1.fna.fbcdn.net/v/t39.25447-2/344268270_757024632630890_5452201873197839184_n.mp4?_nc_cat=103&vs=8e3d0da9ae1d475c&_nc_vs=HBksFQAYJEdPNGRoUlJxYmxDSWdyQUNBRkF6clhlM0hLcExibWRqQUFBRhUAAsgBABUAGCRHRFJNZVJTQndBUUdOUzBDQUhsaURteVFFNGhiYnJGcUFBQUYVAgLIAQBLB4gScHJvZ3Jlc3NpdmVfcmVjaXBlATENc3Vic2FtcGxlX2ZwcwAQdm1hZl9lbmFibGVfbnN1YgAgbWVhc3VyZV9vcmlnaW5hbF9yZXNvbHV0aW9uX3NzaW0AKGNvbXB1dGVfc3NpbV9vbmx5X2F0X29yaWdpbmFsX3Jlc29sdXRpb24AHXVzZV9sYW5jem9zX2Zvcl92cW1fdXBzY2FsaW5nABFkaXNhYmxlX3Bvc3RfcHZxcwAVACUAHIwXQAAAAAAAAAAREQAAACaAhOfi9pqcAhUCKAJDMxgLdnRzX3ByZXZpZXccF0BSLMzMzMzNGCdkYXNoX3IyX2F2Y19nZW4xYXZjX2xjX3E4MF9mcmFnXzJfdmlkZW8SABgYdmlkZW9zLnZ0cy5jYWxsYmFjay5wcm9kOBJWSURFT19WSUVXX1JFUVVFU1QbCogVb2VtX3RhcmdldF9lbmNvZGVfdGFnBm9lcF9oZBNvZW1fcmVxdWVzdF90aW1lX21zATAMb2VtX2NmZ19ydWxlB3VubXV0ZWQTb2VtX3JvaV9yZWFjaF9jb3VudAY5NDM4MDYRb2VtX2lzX2V4cGVyaW1lbnQADG9lbV92aWRlb19pZA81MDg0NjAxMDQ2NzUyMjUSb2VtX3ZpZGVvX2Fzc2V0X2lkDzY3MzI2ODEzMTI3MjQ5NhVvZW1fdmlkZW9fcmVzb3VyY2VfaWQPNjI0OTg1MjIyNDcxOTM2HG9lbV9zb3VyY2VfdmlkZW9fZW5jb2RpbmdfaWQPOTM5ODU5MzM3MjU3NzAzDnZ0c19yZXF1ZXN0X2lkACUCHAAlvgEbB4gBcwQxOTc3AmNkCjIwMjMtMDUtMDEDcmNiBjk0MzgwMANhcHAURmFjZWJvb2sgZm9yIEFuZHJvaWQCY3QZQ09OVEFJTkVEX1BPU1RfQVRUQUNITUVOVBNvcmlnaW5hbF9kdXJhdGlvbl9zBjcyLjc3MgJ0cxVwcm9ncmVzc2l2ZV9lbmNvZGluZ3MA&ccb=1-7&_nc_sid=edb1c8&efg=eyJ2ZW5jb2RlX3RhZyI6Im9lcF9oZCJ9&_nc_ohc=SXnvDlG01KAAX_2FpVQ&_nc_ht=video.fpos2-1.fna&oh=00_AfBkc9qbt7DCdz-q2RYma8i6f5K_oVz4QKwkISuv5kIX1g&oe=64666302&_nc_rid=896205453008827",,"624985315805260","https://scontent.fpos2-1.fna.fbcdn.net/v/t15.5256-10/332467029_214386377982912_3478845768104657101_n.jpg?stp=dst-jpg_s960x960&_nc_cat=110&ccb=1-7&_nc_sid=df419e&_nc_ohc=q03W8RmIF-gAX_S6qhJ&_nc_ht=scontent.fpos2-1.fna&oh=00_AfCIpCozkIPSgB-JYBTZukvQvO7OTAhr-hZObosUyQU2Wg&oe=6465D2D9","ABgqxAtOxSZxVqIAn94eP8/WumVVQdrXJjByVyFRzRU8i7SG9f6Cit+ZNXRlZjjaGQZQdOvfn2qKORUPQehzzW35QiYAZRTwcE9fUnvmse6iMEh4yvXoDx/iK8tvmep2L3dti4UMo3gfL2OPw+lFQw3rwAnDMncY4B9c+vH+NFVzSWwtOpoSPKi/vO44PXB96o75GBJJOQVOeeD/AJ/OtO8+7+I/nVa3AJ5GeayLIrXfA2GG7OMAf1oq5MTsP1NFPcR//9k=","1682925636",,,"false","0","0","0","0","0",,,"https://scontent.fpos2-1.fna.fbcdn.net/v/t15.5256-10/332467029_214386377982912_3478845768104657101_n.jpg?stp=dst-jpg_s960x960&_nc_cat=110&ccb=1-7&_nc_sid=ad6a45&_nc_ohc=q03W8RmIF-gAX_S6qhJ&_nc_ht=scontent.fpos2-1.fna&oh=00_AfCIpCozkIPSgB-JYBTZukvQvO7OTAhr-hZObosUyQU2Wg&oe=6465D2D9",,"https://www.facebook.com/affkars/videos/508460104675225/","508460104675225",,,"CONTAINED_POST_ATTACHMENT",,,"VideoPlayerShakaPerformanceLogger","useVideoPlayerShakaPerformanceLoggerRelayImpl_init$normalization.graphql","VideoPlayerShakaPerformanceLoggerInit","VideoPlayerShakaPerformanceLoggerBuilder","useVideoPlayerShakaPerformanceLoggerBuilder_init$normalization.graphql","VideoPlayerShakaPerformanceLoggerInit",,"false","default_autoplay","1080","أفكار ضد الرصاص","777703244028111","85","كيف سيكون شعورك إن اعطيتك مليون دولار؟","2023-05-01T07:21:11.000Z","1682925671","https://www.facebook.com/100053653275489/posts/777703244028111","https://www.facebook.com/affkars/posts/pfbid02X2Px7eGY4zA3ngE4PsBX93DcSDrwdCrN7dKs12Vzw2QcpkJpaSRCtNowLGEm6CFEl"
"144","100053653275489","https://www.facebook.com/affkars","ZmVlZGJhY2s6NzY5NjYzNTk0ODMyMDc2",,"2716","Photo","Photo","FFFCFEFB",,,,,,,,,,,,,,,,,,,,,,,,,,,,,,,,,,,,"769663564832079",,,,,,,,,,,,,,,,,,,,,,,,,,,,,,,,,,,,,,,,,,"May be an illustration of one or more people and text",,,,,,,,,,"720","https://scontent-ord5-1.xx.fbcdn.net/v/t39.30808-6/336754945_1345712559338777_6069778901578323633_n.jpg?stp=dst-jpg_s720x720&_nc_cat=101&ccb=1-7&_nc_sid=730e14&_nc_ohc=rBwtHUjo2Z4AX8BmZNF&_nc_ht=scontent-ord5-1.xx&oh=00_AfD7TL6c0fULisTHZIBnqryAoUvpoibHzbqjWZMfkqkXxw&oe=6466FBB6","508",,,,,,,,,,,,,,,,,,,,,,"https://www.facebook.com/photo/?fbid=769663564832079&set=a.352296156568824",,,,,,,,,,,,,,,,,"أفكار ضد الرصاص","769663594832076","126",,"2023-04-16T14:08:25.000Z","1681654105","https://www.facebook.com/100053653275489/posts/769663594832076","https://www.facebook.com/affkars/posts/pfbid0HUxYTH7afgv2ogkFrk1eaPRgX9hQsmZ5FR4XTGVsbaLe7DQaz124qwLHDpa4MTTQl"
"11","100053653275489","https://www.facebook.com/affkars","ZmVlZGJhY2s6NzA0NjkyMjM0NjYyNTQ2",,"573","Photo","Photo","FFEBEBEB",,,,,,,,,,,,,,,,,,,,,,,,,,,,,,,,,,,,"704692214662548",,,,,,,,,,,,,,,,,,,,,,,,,,,,,,,,,,,,,,,,,,"No photo description available.",,,,,,,,,,"718","https://scontent-atl3-2.xx.fbcdn.net/v/t39.30808-6/321816750_1378514452916340_8586739994518249764_n.jpg?stp=dst-jpg_p526x296&_nc_cat=105&ccb=1-7&_nc_sid=730e14&_nc_ohc=3O21RSbncf0AX9lN6rB&_nc_ht=scontent-atl3-2.xx&oh=00_AfCnVuvZ-lqdysWFxU6tG61mdfOxzjbPe5C_83jFm0gZ-Q&oe=6467B56F","526",,,,,,,,,,,,,,,,,,,,,,"https://www.facebook.com/photo/?fbid=704692214662548&set=a.352296156568824",,,,,,,,,,,,,,,,,"أفكار ضد الرصاص","704692234662546","43",,"2022-12-28T21:30:49.000Z","1672263049","https://www.facebook.com/100053653275489/posts/704692234662546","https://www.facebook.com/affkars/posts/pfbid02HWNoXTPPTrfVyDK5wa86zemJ5Pnw1GdADwZ1ihogN6dTtShRQ3piEqktcUuKW538l"
"19","100053653275489","https://www.facebook.com/affkars","ZmVlZGJhY2s6NzAyNjYwNzQ4MTk5MDI4",,"1074","Photo","Photo","FF36312D",,,,,,,,,,,,,,,,,,,,,,,,,,,,,,,,,,,,"702660614865708",,,,,,,,,,,,,,,,,,,,,,,,,,,,,,,,,,,,,,,,,,"No photo description available.",,,,,,,,,,"526","https://scontent-lga3-2.xx.fbcdn.net/v/t39.30808-6/321954895_1569813223426587_3559049295629876095_n.jpg?stp=dst-jpg_p526x296&_nc_cat=107&ccb=1-7&_nc_sid=730e14&_nc_ohc=efbZhV4zUBEAX8OJiwW&_nc_ht=scontent-lga3-2.xx&oh=00_AfBqbxd6jPQvRMTLXyGQpodYjOV3Kc2MEfCWveTHPbnfIQ&oe=6465DEEB","526",,,,,,,,,,,,,,,,,,,,,,"https://www.facebook.com/photo/?fbid=702660614865708&set=a.352296156568824",,,,,,,,,,,,,,,,,"أفكار ضد الرصاص","702660748199028","105","قرر ..","2022-12-25T22:38:46.000Z","1672007926","https://www.facebook.com/100053653275489/posts/702660748199028","https://www.facebook.com/affkars/posts/pfbid0CHeXJ7oPJBfVTzgGG22qywtG1xLmeXZZpGNboB7RV2oLLGg8fDtgffqCcS3smFM6l"
"7","100053653275489","https://www.facebook.com/affkars","ZmVlZGJhY2s6NzAxNjA5ODIxNjM3NDU0",,"533","Photo","Photo","FF020202",,,,,,,,,,,,,,,,,,,,,,,,,,,,,,,,,,,,"701609734970796",,,,,,,,,,,,,,,,,,,,,,,,,,,,,,,,,,,,,,,,,,"No photo description available.",,,,,,,,,,"526","https://scontent-hou1-1.xx.fbcdn.net/v/t39.30808-6/321604807_692109842371360_3887992241769634699_n.jpg?stp=dst-jpg_p526x296&_nc_cat=106&ccb=1-7&_nc_sid=730e14&_nc_ohc=vHMr44NRYaQAX-bsx5_&_nc_ht=scontent-hou1-1.xx&oh=00_AfC9jj_Kn4E_9QrGBUA70EZeH4smSOmhmyKmBw6FeVbj4A&oe=6465E638","526",,,,,,,,,,,,,,,,,,,,,,"https://www.facebook.com/photo/?fbid=701609734970796&set=a.352296156568824",,,,,,,,,,,,,,,,,"أفكار ضد الرصاص","701609821637454","32","الجميع يريدون الفوز ..","2022-12-24T14:07:47.000Z","1671890867","https://www.facebook.com/100053653275489/posts/701609821637454","https://www.facebook.com/affkars/posts/pfbid0putnED9f1mumG9aTugmxK2f2QHYojje3oMNogMbvsaZv7QjdrmtW7daZcjDRE359l"
"107","100053653275489","https://www.facebook.com/affkars","ZmVlZGJhY2s6Njk5NTg0NDQ1MTczMzI1",,"2392","Photo","Photo","FFD2C9B5",,,,,,,,,,,,,,,,,,,,,,,,,,,,,,,,,,,,"699584375173332",,,,,,,,,,,,,,,,,,,,,,,,,,,,,,,,,,,,,,,,,,"No photo description available.",,,,,,,,,,"512","https://scontent.ftpa1-1.fna.fbcdn.net/v/t39.30808-6/321251039_717383083084147_8555856584387658226_n.jpg?stp=cp6_dst-jpg_p526x296&_nc_cat=109&ccb=1-7&_nc_sid=730e14&_nc_ohc=Fh2LWV3Wt_kAX8rsxsI&_nc_ht=scontent.ftpa1-1.fna&oh=00_AfCTFtrNZktAavOy1muQJKafbQM8xXJLjlBOs2FzJATuOw&oe=64663D9E","526",,,,,,,,,,,,,,,,,,,,,,"https://www.facebook.com/photo/?fbid=699584375173332&set=a.352296156568824",,,,,,,,,,,,,,,,,"أفكار ضد الرصاص","699584445173325","291","قبل مواقع التواصل ..","2022-12-21T19:04:32.000Z","1671649472","https://www.facebook.com/100053653275489/posts/699584445173325","https://www.facebook.com/affkars/posts/pfbid0ncsiY8F4RDVsFyFBbhmxk1ziSjeSMPV2KbDByzLQTwtQARPuCwJJjbhxyfkot8fGl"
"8","100053653275489","https://www.facebook.com/affkars","ZmVlZGJhY2s6Njk4ODIyNzIxOTE2MTY0",,"661","Photo","Photo","FF0B0A10",,,,,,,,,,,,,,,,,,,,,,,,,,,,,,,,,,,,"698822585249511",,,,,,,,,,,,,,,,,,,,,,,,,,,,,,,,,,,,,,,,,,"No photo description available.",,,,,,,,,,"526","https://scontent-atl3-2.xx.fbcdn.net/v/t39.30808-6/321288051_472456801673360_4419984167867105449_n.jpg?stp=dst-jpg_p526x296&_nc_cat=101&ccb=1-7&_nc_sid=730e14&_nc_ohc=LrxcAnrtvlMAX--JmoM&_nc_ht=scontent-atl3-2.xx&oh=00_AfDkXRSoIxpWjpDzxceWesJB-xv70eo6Xvt5Tl8AsjShpw&oe=6465F2B7","526",,,,,,,,,,,,,,,,,,,,,,"https://www.facebook.com/photo/?fbid=698822585249511&set=a.352296156568824",,,,,,,,,,,,,,,,,"أفكار ضد الرصاص","698822721916164","44","ولكن بعد ذلك ..","2022-12-20T18:58:36.000Z","1671562716","https://www.facebook.com/100053653275489/posts/698822721916164","https://www.facebook.com/affkars/posts/pfbid02SohwYAJsK3z5wTXXgqet5AjseynAwQqCvUdrtdbqdA4MTwU7dgiL43NFGvKF2wkl"
"16","100053653275489","https://www.facebook.com/affkars","ZmVlZGJhY2s6Njk3MjkxNDk4NzM1OTUz",,"1425","Photo","Photo","FF080D14",,,,,,,,,,,,,,,,,,,,,,,,,,,,,,,,,,,,"697291322069304",,,,,,,,,,,,,,,,,,,,,,,,,,,,,,,,,,,,,,,,,,"No photo description available.",,,,,,,,,,"526","https://scontent-dfw5-1.xx.fbcdn.net/v/t39.30808-6/320833614_1299381960636122_8786645867345054777_n.jpg?stp=dst-jpg_p526x296&_nc_cat=101&ccb=1-7&_nc_sid=730e14&_nc_ohc=BWJRBWK1gWUAX-vHyV4&_nc_ht=scontent-dfw5-1.xx&oh=00_AfDc4tTwTmKfPCQRfM-LNHurOSe_x-zNrvbOUe08kwVYvA&oe=6467CAF0","526",,,,,,,,,,,,,,,,,,,,,,"https://www.facebook.com/photo/?fbid=697291322069304&set=a.352296156568824",,,,,,,,,,,,,,,,,"أفكار ضد الرصاص","697291498735953","155","إن استطعت الاحتفاظ بهدوءك ..","2022-12-18T20:10:21.000Z","1671394221","https://www.facebook.com/100053653275489/posts/697291498735953","https://www.facebook.com/affkars/posts/pfbid0hg6Aj9wzMmz6qoBKxGQqztL5M6hWgkcwdLESncQH5Go14oRwQZvqMtNYi9Aj9DbZl"
"14","100053653275489","https://www.facebook.com/affkars","ZmVlZGJhY2s6Njk0Nzc0NzY1NjU0Mjkz",,"1391","Photo","Photo","FF000000",,,,,,,,,,,,,,,,,,,,,,,,,,,,,,,,,,,,"694774745654295",,,,,,,,,,,,,,,,,,,,,,,,,,,,,,,,,,,,,,,,,,"No photo description available.",,,,,,,,,,"540","https://scontent-atl3-2.xx.fbcdn.net/v/t39.30808-6/318794946_1220792065316133_691284911165435755_n.jpg?stp=dst-jpg_p180x540&_nc_cat=105&ccb=1-7&_nc_sid=730e14&_nc_ohc=7IDLAr9pC70AX8xlVRs&_nc_ht=scontent-atl3-2.xx&oh=00_AfD1tDTFlMe4YKhdG-YWyYZfLIi1lLTx_YwYBQILVhodfA&oe=6466BE26","516",,,,,,,,,,,,,,,,,,,,,,"https://www.facebook.com/photo/?fbid=694774745654295&set=a.352296156568824",,,,,,,,,,,,,,,,,"أفكار ضد الرصاص","694774765654293","129",,"2022-12-15T19:54:39.000Z","1671134079","https://www.facebook.com/100053653275489/posts/694774765654293","https://www.facebook.com/affkars/posts/pfbid0ycZ4AjnD1WbqshKqBfz5ypHKhzFQUtVwk3CQEtz9XknHdmnv8S15N6qKRRWoZzcWl"
"23","100053653275489","https://www.facebook.com/affkars","ZmVlZGJhY2s6NjkzOTQ5MTIyNDAzNTI0","true","2478",,"Video",,,"AVAILABLE",,"ugc_default_allowed","false",,,,,"true","true","false","https://www.facebook.com/affkars/videos/%D8%A7%D9%84%D9%81%D9%8A%D8%AA%D8%A7%D9%85%D9%8A%D9%86-%D8%A7%D9%84%D8%A3%D9%87%D9%85-%D9%81%D9%8A-%D8%AD%D9%8A%D8%A7%D8%AA%D9%83-/538978794571662/",,,,,,"{}",,"{}","<?xml version=""1.0""?>
<MPD xmlns=""urn:mpeg:dash:schema:mpd:2011"" minBufferTime=""PT1.500S"" type=""static"" mediaPresentationDuration=""PT55.07773208618164S"" maxSegmentDuration=""PT0H0M5.033S"" profiles=""urn:mpeg:dash:profile:isoff-on-demand:2011,http://dashif.org/guidelines/dash264"" FBTagsetUsed=""v4_5secgop"" FBManifestIdentifier=""FgAYCnY0XzVzZWNnb3AZRpCIyP/IyGbIovjL4YxsqqvcpMbWdK690+OjiL0DAA==""><Period duration=""PT55.07773208618164S""><AdaptationSet segmentAlignment=""true"" maxWidth=""320"" maxHeight=""576"" maxFrameRate=""30"" par=""320:576"" lang=""und"" subsegmentAlignment=""true"" subsegmentStartsWithSAP=""1"" id=""0""><Representation id=""978707589787479v"" mimeType=""video/mp4"" codecs=""avc1.4D401E"" width=""320"" height=""576"" frameRate=""30"" sar=""1:1"" startWithSAP=""1"" bandwidth=""91628"" FBEncodingTag=""dash_v4_5secgop_hq1_frag_2_video"" FBPlaybackResolutionMos=""0:100,324:88.9,360:88.9,480:88.9,720:88.9,1080:88.9"" FBPlaybackResolutionMosConfidenceLevel=""high_derived_from_valid_ssim"" FBPlaybackResolutionCsvqm=""0:100"" FBAbrPolicyTags=""hvq_www_inline"" FBDefaultQuality=""1"" FBQualityClass=""sd"" FBQualityLabel=""270p""><BaseURL>https://video-atl3-2.xx.fbcdn.net/v/t39.25447-2/336754567_615280070629563_331518072331976017_n.mp4?_nc_cat=101&ccb=1-7&_nc_sid=9c5c06&efg=eyJ2ZW5jb2RlX3RhZyI6ImRhc2hfdjRfNXNlY2dvcF9ocTFfZnJhZ18yX3ZpZGVvIn0%3D&_nc_ohc=j4ye1IiB5WUAX9o1H0w&_nc_ht=video-atl3-2.xx&oh=00_AfBm0lA9Ip4SC5oBNwscTICldbv-YnB1pisQZx5y07hvMA&oe=646659E5</BaseURL><SegmentBase indexRangeExact=""true"" indexRange=""841-1004"" FBFirstSegmentRange=""1005-80625""><Initialization range=""0-840""/></SegmentBase></Representation><Representation id=""237713768777892v"" mimeType=""video/mp4"" codecs=""avc1.4D401E"" width=""142"" height=""256"" frameRate=""30"" sar=""1:1"" startWithSAP=""1"" bandwidth=""32519"" FBEncodingTag=""dash_v4_5secgop_256_crf_23_main_3.0_frag_2_video"" FBPlaybackResolutionMos=""0:100,144:77,324:56.4,360:56.4,480:56.4,720:56.4,1080:56.4"" FBPlaybackResolutionMosConfidenceLevel=""high_derived_from_valid_ssim"" FBPlaybackResolutionCsvqm=""0:100"" FBAbrPolicyTags="""" FBQualityClass=""sd"" FBQualityLabel=""144p""><BaseURL>https://video-atl3-2.xx.fbcdn.net/v/t39.25447-2/341540514_3338448556406344_2166685265891920303_n.mp4?_nc_cat=105&ccb=1-7&_nc_sid=9c5c06&efg=eyJ2ZW5jb2RlX3RhZyI6ImRhc2hfdjRfNXNlY2dvcF8yNTZfY3JmXzIzX21haW5fMy4wX2ZyYWdfMl92aWRlbyJ9&_nc_ohc=tMUzUEye02QAX8LMaI2&_nc_ht=video-atl3-2.xx&oh=00_AfD6lMMy1tPN9kX177STJeaftWJ-ra9K2aZ4IaF5518VoQ&oe=6466ABF8</BaseURL><SegmentBase indexRangeExact=""true"" indexRange=""841-1004"" FBFirstSegmentRange=""1005-26557""><Initialization range=""0-840""/></SegmentBase></Representation><Representation id=""256573600139989v"" mimeType=""video/mp4"" codecs=""avc1.4D401E"" width=""236"" height=""426"" frameRate=""30"" sar=""1:1"" startWithSAP=""1"" bandwidth=""61527"" FBEncodingTag=""dash_v4_5secgop_426_crf_23_main_3.0_frag_2_video"" FBPlaybackResolutionMos=""0:100,239:82.8,324:72.3,360:72.3,480:72.3,720:72.3,1080:72.3"" FBPlaybackResolutionMosConfidenceLevel=""high_derived_from_valid_ssim"" FBPlaybackResolutionCsvqm=""0:100"" FBAbrPolicyTags="""" FBQualityClass=""sd"" FBQualityLabel=""240p""><BaseURL>https://video-atl3-2.xx.fbcdn.net/v/t39.25447-2/341399742_613561190338827_7855779206428947565_n.mp4?_nc_cat=102&ccb=1-7&_nc_sid=9c5c06&efg=eyJ2ZW5jb2RlX3RhZyI6ImRhc2hfdjRfNXNlY2dvcF80MjZfY3JmXzIzX21haW5fMy4wX2ZyYWdfMl92aWRlbyJ9&_nc_ohc=L65RNbFpVrAAX-SqOxS&_nc_ht=video-atl3-2.xx&oh=00_AfAT8mQb43U6HQlByTu8iGsMbDkfFzc3DcdcCo4UqrIahw&oe=6466A332</BaseURL><SegmentBase indexRangeExact=""true"" indexRange=""842-1005"" FBFirstSegmentRange=""1006-51198""><Initialization range=""0-841""/></SegmentBase></Representation></AdaptationSet><AdaptationSet id=""1"" contentType=""audio"" subsegmentAlignment=""true""><Representation id=""225547120083464a"" bandwidth=""49362"" codecs=""mp4a.40.5"" mimeType=""audio/mp4"" FBAvgBitrate=""49362"" audioSamplingRate=""44100"" FBEncodingTag=""dash_audio_aacp_48_fnorm14_frag_2_audio"" FBDefaultQuality=""1""><AudioChannelConfiguration schemeIdUri=""urn:mpeg:dash:23003:3:audio_channel_configuration:2011"" value=""2""/><BaseURL>https://video-atl3-2.xx.fbcdn.net/v/t39.25447-2/343625760_507430944781079_3802586248700426824_n.mp4?_nc_cat=102&ccb=1-7&_nc_sid=9c5c06&efg=eyJ2ZW5jb2RlX3RhZyI6ImRhc2hfYXVkaW9fYWFjcF80OF9mbm9ybTE0X2ZyYWdfMl9hdWRpbyJ9&_nc_ohc=p3GaFyOLDVUAX_wO0b0&_nc_ht=video-atl3-2.xx&oh=00_AfBRteyq504loRoZLSUXuWne5Iv6XPItiZZDvySxy8MG0w&oe=6466D9FD</BaseURL><SegmentBase indexRange=""817-1184"" timescale=""44100"" FBFirstSegmentRange=""1185-14720""><Initialization range=""0-816""/></SegmentBase></Representation></AdaptationSet></Period></MPD>
","978707589787479v","225547120083464a","{""video_license_uri_map"":{},""graph_api_video_license_uri"":null,""fairplay_cert"":null,""widevine_cert"":""CsECCAMSEBcFuRfMEgSGiwYzOi93KowYgrSCkgUijgIwggEKAoIBAQCZ7Vs7Mn2rXiTvw7YqlbWYUgrVvMs3UD4GRbgU2Ha430BRBEGtjOOtsRu4jE5yWl5KngeVKR1YWEAjp+GvDjipEnk5MAhhC28VjIeMfiG\/+\/7qd+EBnh5XgeikX0YmPRTmDoBYqGB63OBPrIRXsTeo1nzN6zNwXZg6IftO7L1KEMpHSQykfqpdQ4IY3brxyt4zkvE9b\/tkQv0x4b9AsMYE0cS6TJUgpL+X7r1gkpr87vVbuvVk4tDnbNfFXHOggrmWEguDWe3OJHBwgmgNb2fG2CxKxfMTRJCnTuw3r0svAQxZ6ChD4lgvC2ufXbD8Xm7fZPvTCLRxG88SUAGcn1oJAgMBAAE6FGxpY2Vuc2Uud2lkZXZpbmUuY29tEoADrjRzFLWoNSl\/JxOI+3u4y1J30kmCPN3R2jC5MzlRHrPMveoEuUS5J8EhNG79verJ1BORfm7BdqEEOEYKUDvBlSubpOTOD8S\/wgqYCKqvS\/zRnB3PzfV0zKwo0bQQQWz53ogEMBy9szTK\/NDUCXhCOmQuVGE98K\/PlspKkknYVeQrOnA+8XZ\/apvTbWv4K+drvwy6T95Z0qvMdv62Qke4XEMfvKUiZrYZ\/DaXlUP8qcu9u\/r6DhpV51Wjx7zmVflkb1gquc9wqgi5efhn9joLK3\/bNixbxOzVVdhbyqnFk8ODyFfUnaq3fkC3hR3f0kmYgI41sljnXXjqwMoW9wRzBMINk+3k6P8cbxfmJD4\/Paj8FwmHDsRfuoI6Jj8M76H3CTsZCZKDJjM3BQQ6Kb2m+bQ0LMjfVDyxoRgvfF\/\/M\/EEkPrKWyU2C3YBXpxaBquO4C8A0ujVmGEEqsxN1HX9lu6c5OMm8huDxwWFd7OHMs3avGpr7RP7DUnTikXrh6X0""}","VideoPlayerWatchInlineEndScreen.react","VideoPlayerWatchInlineEndScreen_info$normalization.graphql","false","UzpfSTEwMDA1MzY1MzI3NTQ4OTpWSzo1Mzg5Nzg3OTQ1NzE2NjI=",,"538978794571662","CHANNEL_VIEW_FROM_END_CARD","PROFILE",,"576","538978794571662",,,,,,,,"https://scontent-atl3-1.xx.fbcdn.net/v/t15.5256-10/320318514_926747348495351_6818419758514360813_n.jpg?stp=dst-jpg_p280x280&_nc_cat=108&ccb=1-7&_nc_sid=ad6a45&_nc_ohc=iCx-s0S7gzIAX_aelHh&_nc_ht=scontent-atl3-1.xx&oh=00_AfAYOoWTk1c7UDbGTXdDdqHxEGo2wwwBkUUpaVsWB1zQUQ&oe=6467C30A","VideoPlayerWatchInlinePauseScreen.react","VideoPlayerWatchInlinePauseScreen_info$normalization.graphql","CHANNEL_VIEW_FROM_END_CARD","PROFILE","538978794571662","false","false","false","false","false","false","false","false","false","false","false","false","false","false","false","false","false","true","false",,"0",,"false",,"0","",,,,"576","NO_ROTATE","320","User","User","true","100053653275489",,"https://www.facebook.com/reel/538978794571662/",,,,"55044","https://video-atl3-2.xx.fbcdn.net/v/t42.1790-2/320072910_2777129785753654_8209890644062092427_n.mp4?_nc_cat=104&ccb=1-7&_nc_sid=985c63&efg=eyJybHIiOjMwMCwicmxhIjo1MTIsInZlbmNvZGVfdGFnIjoic3ZlX3NkIn0%3D&_nc_ohc=zHXLJ0K7sVkAX94D0s2&rl=300&vabr=136&_nc_ht=video-atl3-2.xx&oh=00_AfAU1nLTnesVLxBkJf75S8iPoDoDSL0Kx3W09yKfNmtAvA&oe=6466C96A","https://www.facebook.com/video/playback/dash_mpd_debug.mpd?v=538978794571662&dummy=.mpd",,,"708846603837436","https://scontent-atl3-1.xx.fbcdn.net/v/t15.5256-10/320318514_926747348495351_6818419758514360813_n.jpg?_nc_cat=108&ccb=1-7&_nc_sid=df419e&_nc_ohc=iCx-s0S7gzIAX_aelHh&_nc_ht=scontent-atl3-1.xx&oh=00_AfB3WB-BeU3D1u6j7tPTiz8pNtpGyTXhno8BCcMXgMLEgg&oe=6467C30A","ABcqVmCjceAKZFMkpwpyfSor5SYuOxGahtFAAHAJOc9+O340N2IjG6uaeyipM4ooJMd7lnXHZv8AZB/9mqFNyD5SQeB0HH6//XqNYiMj5QR6gH+fSofMz1x6dBRua7F83EiL85YjtkD8O/8ATHpRUMMX2nJOAVAxiimLQtxssp/eKoJ9CR/Q026thGu5CR/snB/I9fzqJOoqzc/c/EVIIzVcod2f6fyopr9KKY7H/9k=","1671054950",,,"false","0","0","0","0","0",,,"https://scontent-atl3-1.xx.fbcdn.net/v/t15.5256-10/320318514_926747348495351_6818419758514360813_n.jpg?_nc_cat=108&ccb=1-7&_nc_sid=ad6a45&_nc_ohc=iCx-s0S7gzIAX_aelHh&_nc_ht=scontent-atl3-1.xx&oh=00_AfB3WB-BeU3D1u6j7tPTiz8pNtpGyTXhno8BCcMXgMLEgg&oe=6467C30A",,"https://www.facebook.com/reel/538978794571662/","538978794571662",,,"FB_SHORTS_POST",,,"VideoPlayerShakaPerformanceLogger","useVideoPlayerShakaPerformanceLoggerRelayImpl_init$normalization.graphql","VideoPlayerShakaPerformanceLoggerInit","VideoPlayerShakaPerformanceLoggerBuilder","useVideoPlayerShakaPerformanceLoggerBuilder_init$normalization.graphql","VideoPlayerShakaPerformanceLoggerInit",,"false","default_autoplay","320","أفكار ضد الرصاص","693949122403524","704","الفيتامين الأهم في حياتك ..","2022-12-14T21:56:42.000Z","1671055002","https://www.facebook.com/100053653275489/posts/693949122403524","https://www.facebook.com/affkars/posts/pfbid02RJBMd8N7yALdAG5B6eUJKqVwNExzM9j7H2yzXHEiVrd1jQhj5Sj6yzVrWTrF3rmNl"
"7","100053653275489","https://www.facebook.com/affkars","ZmVlZGJhY2s6NjkyNzE5MzMyNTI2NTAz",,"457","Photo","Photo","FFB5B6B1",,,,,,,,,,,,,,,,,,,,,,,,,,,,,,,,,,,,"692719299193173",,,,,,,,,,,,,,,,,,,,,,,,,,,,,,,,,,,,,,,,,,"No photo description available.",,,,,,,,,,"577","https://scontent.fosu2-1.fna.fbcdn.net/v/t39.30808-6/318508935_5660199320741236_1015659316607025564_n.jpg?_nc_cat=106&ccb=1-7&_nc_sid=730e14&_nc_ohc=COlSfW1b-DoAX9GH0cz&_nc_ht=scontent.fosu2-1.fna&oh=00_AfA21Z5GRbsTyP9LdgzWGiWCjRWCmsBpxVgLhpjGssw1gQ&oe=646669FC","463",,,,,,,,,,,,,,,,,,,,,,"https://www.facebook.com/photo/?fbid=692719299193173&set=a.352296156568824",,,,,,,,,,,,,,,,,"أفكار ضد الرصاص","692719332526503","57",,"2022-12-13T11:13:00.000Z","1670929980","https://www.facebook.com/100053653275489/posts/692719332526503","https://www.facebook.com/affkars/posts/pfbid02qBBWMMuwZ6G3Lf4rwnUj4MmgNLXhQ3xmkxcicEbeE9TSjXnZV89n11WrHjMZhAtil"
"23","100053653275489","https://www.facebook.com/affkars","ZmVlZGJhY2s6NjkxOTI1NDc5MjcyNTU1",,"1523","Photo","Photo","FF000000",,,,,,,,,,,,,,,,,,,,,,,,,,,,,,,,,,,,"691925439272559",,,,,,,,,,,,,,,,,,,,,,,,,,,,,,,,,,,,,,,,,,"No photo description available.",,,,,,,,,,"579","https://scontent.fdtw2-1.fna.fbcdn.net/v/t39.30808-6/318338642_691925435939226_6550979210059539153_n.jpg?stp=dst-jpg_p526x296&_nc_cat=101&ccb=1-7&_nc_sid=730e14&_nc_ohc=vbChoZg1y54AX-NB1bG&_nc_ht=scontent.fdtw2-1.fna&oh=00_AfDhvYLKfj6rgs9ylIgIuRH1N6FM6hTgxCFcqkgBZfXECw&oe=64675127","526",,,,,,,,,,,,,,,,,,,,,,"https://www.facebook.com/photo/?fbid=691925439272559&set=a.352296156568824",,,,,,,,,,,,,,,,,"أفكار ضد الرصاص","691925479272555","194",,"2022-12-12T12:41:12.000Z","1670848872","https://www.facebook.com/100053653275489/posts/691925479272555","https://www.facebook.com/affkars/posts/pfbid02SeNdiEkkgakPuvCCUCPk4vpMq94BvgLBHY934GnRsjcjcMRhc5QcUqQWpiM1F645l"
"17","100053653275489","https://www.facebook.com/affkars","ZmVlZGJhY2s6NjkxNDAxODU5MzI0OTE3",,"769","Photo","Photo","FFFFFFFF",,,,,,,,,,,,,,,,,,,,,,,,,,,,,,,,,,,,"691401835991586",,,,,,,,,,,,,,,,,,,,,,,,,,,,,,,,,,,,,,,,,,"No photo description available.",,,,,,,,,,"540","https://scontent-iad3-2.xx.fbcdn.net/v/t39.30808-6/319540040_691401829324920_6194573441286960228_n.jpg?stp=dst-jpg_p180x540&_nc_cat=106&ccb=1-7&_nc_sid=8bfeb9&_nc_ohc=ArvGMWzgS4MAX-WLjr3&_nc_ht=scontent-iad3-2.xx&oh=00_AfD-NpyLHxN3kTRnfZqPPbEcihTcCjmdS-eig5zsa61gNw&oe=64673CBA","500",,,,,,,,,,,,,,,,,,,,,,"https://www.facebook.com/photo/?fbid=691401835991586&set=a.352296163235490",,,,,,,,,,,,,,,,,"أفكار ضد الرصاص","691401859324917","66","كان كل شيء واضحًا ..","2022-12-11T21:29:32.000Z","1670794172","https://www.facebook.com/100053653275489/posts/691401859324917","https://www.facebook.com/affkars/posts/pfbid0K76cRyhJvQHY3qEQxiCiVhrp4HwUbp2hEijmaPMU4E4Lu2EocqekLziVX67oUPKHl"
"17","100053653275489","https://www.facebook.com/affkars","ZmVlZGJhY2s6Njg4MDMxODYyOTk1MjUw",,"745","Photo","Photo","FF000000",,,,,,,,,,,,,,,,,,,,,,,,,,,,,,,,,,,,"688031512995285",,,,,,,,,,,,,,,,,,,,,,,,,,,,,,,,,,,,,,,,,,"No photo description available.",,,,,,,,,,"526","https://scontent.fgla4-1.fna.fbcdn.net/v/t39.30808-6/318786027_688031509661952_757091534600122891_n.jpg?stp=dst-jpg_p526x296&_nc_cat=110&ccb=1-7&_nc_sid=730e14&_nc_ohc=30gDHKnufxsAX-1ZRVq&_nc_ht=scontent.fgla4-1.fna&oh=00_AfD7V65SNxAZ30cVs6x0vXTjkheJAe7SlTsv_1MipBh5KA&oe=646634E2","526",,,,,,,,,,,,,,,,,,,,,,"https://www.facebook.com/photo/?fbid=688031512995285&set=a.352296156568824",,,,,,,,,,,,,,,,,"أفكار ضد الرصاص","688031862995250","88",,"2022-12-07T15:45:22.000Z","1670427922","https://www.facebook.com/100053653275489/posts/688031862995250","https://www.facebook.com/affkars/posts/pfbid0kp9ERmTC7TPFdCbase5f8zrC4L47oAptDfY8VZn2uSodZrLpN9QwrCR3Rthhy5w7l"
"17","100053653275489","https://www.facebook.com/affkars","ZmVlZGJhY2s6Njg2MTUwNTA5ODUwMDUy",,"885","Photo","Photo","FF020001",,,,,,,,,,,,,,,,,,,,,,,,,,,,,,,,,,,,"686150373183399",,,,,,,,,,,,,,,,,,,,,,,,,,,,,,,,,,,,,,,,,,"No photo description available.",,,,,,,,,,"526","https://scontent-mia3-2.xx.fbcdn.net/v/t39.30808-6/318344516_686150366516733_8909378137374578404_n.jpg?stp=dst-jpg_p526x296&_nc_cat=102&ccb=1-7&_nc_sid=730e14&_nc_ohc=W-COi87I-MkAX_ibvX9&_nc_oc=AQkSslpqRrP2-ZCifFRkyJA564kZRCjC136kMbo5oRGHafwhB_wwydFfm1p9ti1yYRd1eDyed5f0Rjaz8fFF-dIo&_nc_ht=scontent-mia3-2.xx&oh=00_AfDj-VtSbM8WUSIB4capZcH8RPGjDzATZBI5hrYFOLFu3g&oe=646642C6","526",,,,,,,,,,,,,,,,,,,,,,"https://www.facebook.com/photo/?fbid=686150373183399&set=a.352296156568824",,,,,,,,,,,,,,,,,"أفكار ضد الرصاص","686150509850052","91","وتعافى بصمت ..","2022-12-04T21:12:47.000Z","1670188367","https://www.facebook.com/100053653275489/posts/686150509850052","https://www.facebook.com/affkars/posts/pfbid02PpLgjq9GGnHQms2WwAZonCAca1JipZKuCdaEDw1CoXbGq3uvCJamLFfGcX5ijgHAl"
"9","100053653275489","https://www.facebook.com/affkars","ZmVlZGJhY2s6Njg1MzMyMjk2NTk4NTQw",,"655","Photo","Photo","FF100600",,,,,,,,,,,,,,,,,,,,,,,,,,,,,,,,,,,,"685332136598556",,,,,,,,,,,,,,,,,,,,,,,,,,,,,,,,,,,,,,,,,,"No photo description available.",,,,,,,,,,"526","https://scontent-iad3-1.xx.fbcdn.net/v/t39.30808-6/318184334_685332133265223_3936118916720282143_n.jpg?stp=dst-jpg_p526x296&_nc_cat=110&ccb=1-7&_nc_sid=730e14&_nc_ohc=m-9jM2iezxIAX_Yt5HS&_nc_ht=scontent-iad3-1.xx&oh=00_AfBkMjF_j3wBA5oHt2ACQ1MpbKb8zvgpbET33WAqCjfitg&oe=646683D6","526",,,,,,,,,,,,,,,,,,,,,,"https://www.facebook.com/photo/?fbid=685332136598556&set=a.352296156568824",,,,,,,,,,,,,,,,,"أفكار ضد الرصاص","685332296598540","61","جودة حياتك ..","2022-12-03T17:37:24.000Z","1670089044","https://www.facebook.com/100053653275489/posts/685332296598540","https://www.facebook.com/affkars/posts/pfbid02oQrNfTj7ftEHUmEVtCVkAt7Dr7MS1kEjWMMvLvmKHq293a5nmKhyFsHPiD3iek2pl"
"8","100053653275489","https://www.facebook.com/affkars","ZmVlZGJhY2s6Njg1MDk4NTIzMjg4NTg0",,"723","Photo","Photo","FF04080B",,,,,,,,,,,,,,,,,,,,,,,,,,,,,,,,,,,,"685098499955253",,,,,,,,,,,,,,,,,,,,,,,,,,,,,,,,,,,,,,,,,,"No photo description available.",,,,,,,,,,"526","https://scontent.fdet1-1.fna.fbcdn.net/v/t39.30808-6/318169244_685098493288587_7306156938145023416_n.jpg?stp=dst-jpg_p526x296&_nc_cat=101&ccb=1-7&_nc_sid=8bfeb9&_nc_ohc=i0sBNVF1XcMAX95TCCO&_nc_ht=scontent.fdet1-1.fna&oh=00_AfBdEuXGfcaMhmQFNMfyNiAy5I9BzXagml8_hotq5dN8Ew&oe=646634D6","526",,,,,,,,,,,,,,,,,,,,,,"https://www.facebook.com/photo/?fbid=685098499955253&set=a.352296163235490",,,,,,,,,,,,,,,,,"أفكار ضد الرصاص","685098523288584","60","اختر ما يخيفك أكثر !","2022-12-03T11:03:11.000Z","1670065391","https://www.facebook.com/100053653275489/posts/685098523288584","https://www.facebook.com/affkars/posts/pfbid02ngUi8ptZTsfAJwojZ21UiaJLbEXcVhSbPgT9JPRDdxWZKJ5DKufDykYNW5NnsaEQl"
"11","100053653275489","https://www.facebook.com/affkars","ZmVlZGJhY2s6Njg0NzY3ODQzMzIxNjUy",,"751","Photo","Photo","FF2B3131",,,,,,,,,,,,,,,,,,,,,,,,,,,,,,,,,,,,"684767819988321",,,,,,,,,,,,,,,,,,,,,,,,,,,,,,,,,,,,,,,,,,"No photo description available.",,,,,,,,,,"526","https://scontent-hou1-1.xx.fbcdn.net/v/t39.30808-6/318091539_684767806654989_945079207138352603_n.jpg?stp=dst-jpg_p526x296&_nc_cat=101&ccb=1-7&_nc_sid=8bfeb9&_nc_ohc=HEFn0y0z_rsAX8wcUOc&_nc_ht=scontent-hou1-1.xx&oh=00_AfDWZEFyhncJxOv68zxcYNsEdRo6zWFuQ5qtoF5sEOW6dA&oe=6467548F","526",,,,,,,,,,,,,,,,,,,,,,"https://www.facebook.com/photo/?fbid=684767819988321&set=a.352296163235490",,,,,,,,,,,,,,,,,"أفكار ضد الرصاص","684767843321652","86","الثقة الحقيقية ..","2022-12-02T23:20:42.000Z","1670023242","https://www.facebook.com/100053653275489/posts/684767843321652","https://www.facebook.com/affkars/posts/pfbid06SfD536wdwsVf4YR4dhG7U93V8f6W8GmYh9pLoBYTp6cgtvUFP1D2H8LpeLKmuM8l"
"3","100053653275489","https://www.facebook.com/affkars","ZmVlZGJhY2s6NjgxMjkxMjI3MDAyNjQ3","true","128",,"Video",,,"AVAILABLE",,"ugc_default_allowed","false",,,,,"true","true","false","https://www.facebook.com/affkars/videos/1272745356894047/",,,,,,"{}",,"{}","<?xml version=""1.0"" encoding=""UTF-8""?>
<MPD xmlns=""urn:mpeg:dash:schema:mpd:2011"" xmlns:xsi=""http://www.w3.org/2001/XMLSchema-instance"" xsi:schemaLocation=""urn:mpeg:dash:schema:mpd:2011 DASH-MPD.xsd"" profiles=""urn:mpeg:dash:profile:isoff-on-demand:2011"" minBufferTime=""PT2S"" type=""static"" mediaPresentationDuration=""PT30.348480224609375S"" FBTagsetUsed=""r2_avc_gen1avc_lc"" FBManifestIdentifier=""FgAYEXIyX2F2Y19nZW4xYXZjX2xjGWaYx+Ph1bpuxKD5pO6M8wHWj+yIpLv5AbbwlLbw1q8V6Ojjqrn56hXGk+nRg/78FgA=""><Period id=""0"" duration=""PT30.348480224609375S""><AdaptationSet id=""0"" contentType=""video"" frameRate=""15360/512"" subsegmentAlignment=""true"" par=""9:16""><Representation id=""6146157435451956v"" bandwidth=""46514"" codecs=""avc1.4d401e"" mimeType=""video/mp4"" FBAvgBitrate=""46514"" sar=""1:1"" FBEncodingTag=""dash_r2_avc_gen1avc_lc_q50_frag_2_video"" FBPlaybackResolutionMos=""0:100,288:76.5,360:77.4,480:75.6,720:72.2"" FBPlaybackResolutionMosConfidenceLevel=""high"" FBPlaybackResolutionCsvqm=""0:100,360:69.8,480:58.7,720:35.5"" FBAbrPolicyTags=""hvq_www_inline"" width=""288"" height=""512"" FBDefaultQuality=""1"" FBQualityClass=""sd"" FBQualityLabel=""270p""><BaseURL>https://video.fwbw1-1.fna.fbcdn.net/v/t39.25447-2/341702566_253520360398424_8915988836369483143_n.mp4?_nc_cat=108&ccb=1-7&_nc_sid=9c5c06&efg=eyJ2ZW5jb2RlX3RhZyI6ImRhc2hfcjJfYXZjX2dlbjFhdmNfbGNfcTUwX2ZyYWdfMl92aWRlbyJ9&_nc_ohc=_cLkr_zDy20AX_ca8x0&_nc_ht=video.fwbw1-1.fna&oh=00_AfALc77IhpLhIkCHiv5LMVv-errcStnWKVm0yBtva9dpZA&oe=646758F0</BaseURL><SegmentBase indexRange=""860-975"" timescale=""15360"" FBFirstSegmentRange=""976-34572""><Initialization range=""0-859""/></SegmentBase></Representation><Representation id=""242900501557708v"" bandwidth=""156215"" codecs=""avc1.4d401f"" mimeType=""video/mp4"" FBAvgBitrate=""156215"" sar=""1:1"" FBEncodingTag=""dash_r2_avc_gen1avc_lc_q60_frag_2_video"" FBPlaybackResolutionMos=""0:100,360:90.7,480:89.4,540:87.7,720:86"" FBPlaybackResolutionMosConfidenceLevel=""high"" FBPlaybackResolutionCsvqm=""0:100,360:91.2,480:87.7,720:73.1"" FBAbrPolicyTags=""hvq_www_inline"" width=""540"" height=""960"" FBQualityClass=""sd"" FBQualityLabel=""480p""><BaseURL>https://video.fwbw1-1.fna.fbcdn.net/v/t39.25447-2/336768520_190800439960783_8406485846118128641_n.mp4?_nc_cat=107&ccb=1-7&_nc_sid=9c5c06&efg=eyJ2ZW5jb2RlX3RhZyI6ImRhc2hfcjJfYXZjX2dlbjFhdmNfbGNfcTYwX2ZyYWdfMl92aWRlbyJ9&_nc_ohc=UxplASzhDGYAX8iJgUw&_nc_ht=video.fwbw1-1.fna&oh=00_AfD0Q0H3fQTp7OOZjSCXCkdWeeUewK2uqx5RjvO7CEOWEw&oe=6465FBD3</BaseURL><SegmentBase indexRange=""861-976"" timescale=""15360"" FBFirstSegmentRange=""977-107620""><Initialization range=""0-860""/></SegmentBase></Representation><Representation id=""6467293523289315v"" bandwidth=""251484"" codecs=""avc1.4d401f"" mimeType=""video/mp4"" FBAvgBitrate=""251484"" sar=""1:1"" FBEncodingTag=""dash_r2_avc_gen1avc_lc_q80_frag_2_video"" FBPlaybackResolutionMos=""0:100,360:93.3,480:92.5,720:91.1"" FBPlaybackResolutionMosConfidenceLevel=""high"" FBPlaybackResolutionCsvqm=""0:100,360:93.7,480:92.2,720:89.4"" FBAbrPolicyTags=""hvq_www_inline,hvq"" width=""720"" height=""1280"" FBQualityClass=""hd"" FBQualityLabel=""540p""><BaseURL>https://video.fwbw1-1.fna.fbcdn.net/v/t39.25447-2/340840381_239962528516376_8447815689684181630_n.mp4?_nc_cat=110&ccb=1-7&_nc_sid=9c5c06&efg=eyJ2ZW5jb2RlX3RhZyI6ImRhc2hfcjJfYXZjX2dlbjFhdmNfbGNfcTgwX2ZyYWdfMl92aWRlbyJ9&_nc_ohc=nT12l0e5NEgAX-B4c44&_nc_ht=video.fwbw1-1.fna&oh=00_AfA6f_oFwewk0gU2k7MCHOuMI7YP4zMumwVQvITV8Mo95A&oe=64668EA8</BaseURL><SegmentBase indexRange=""860-975"" timescale=""15360"" FBFirstSegmentRange=""976-175123""><Initialization range=""0-859""/></SegmentBase></Representation><Representation id=""534583612221474v"" bandwidth=""281781"" codecs=""avc1.4d401f"" mimeType=""video/mp4"" FBAvgBitrate=""281781"" sar=""1:1"" FBEncodingTag=""dash_r2_avc_gen1avc_lc_q70_frag_2_video"" FBPlaybackResolutionMos=""0:100,360:94.1,480:93.3,720:91.9"" FBPlaybackResolutionMosConfidenceLevel=""high"" FBPlaybackResolutionCsvqm=""0:100,360:94.4,480:93.1,720:90.5"" FBAbrPolicyTags=""hvq_www_inline,hvq"" width=""720"" height=""1280"" FBQualityClass=""hd"" FBQualityLabel=""640p""><BaseURL>https://video.fwbw1-1.fna.fbcdn.net/v/t39.25447-2/341639107_1474390906298957_1696284720379394559_n.mp4?_nc_cat=111&ccb=1-7&_nc_sid=9c5c06&efg=eyJ2ZW5jb2RlX3RhZyI6ImRhc2hfcjJfYXZjX2dlbjFhdmNfbGNfcTcwX2ZyYWdfMl92aWRlbyJ9&_nc_ohc=lzg4b8hWZVwAX9ufm3K&_nc_ht=video.fwbw1-1.fna&oh=00_AfBXl8xZ681Tsv5HktuLWjqS4XAPY6hxq65BdbEeE0PKTg&oe=6466BC5D</BaseURL><SegmentBase indexRange=""860-975"" timescale=""15360"" FBFirstSegmentRange=""976-194938""><Initialization range=""0-859""/></SegmentBase></Representation><Representation id=""548575244026859v"" bandwidth=""438751"" codecs=""avc1.4d401f"" mimeType=""video/mp4"" FBAvgBitrate=""438751"" sar=""1:1"" FBEncodingTag=""dash_r2_avc_gen1avc_lc_q90_frag_2_video"" FBPlaybackResolutionMos=""0:100,360:96.4,480:95.7,720:94.3"" FBPlaybackResolutionMosConfidenceLevel=""high"" FBPlaybackResolutionCsvqm=""0:100,360:96.4,480:95.7,720:94.2"" FBAbrPolicyTags=""hvq_www_inline,hvq"" width=""720"" height=""1280"" FBQualityClass=""hd"" FBQualityLabel=""720p""><BaseURL>https://video.fwbw1-1.fna.fbcdn.net/v/t39.25447-2/341901925_600158322042130_5697426209223595653_n.mp4?_nc_cat=111&ccb=1-7&_nc_sid=9c5c06&efg=eyJ2ZW5jb2RlX3RhZyI6ImRhc2hfcjJfYXZjX2dlbjFhdmNfbGNfcTkwX2ZyYWdfMl92aWRlbyJ9&_nc_ohc=GG2hsYiiP1gAX86fea2&_nc_ht=video.fwbw1-1.fna&oh=00_AfCMRSGMvL8PdvWYCkHOdDAAj9-o9tKpoXGhkUk-nn5cDQ&oe=646742D1</BaseURL><SegmentBase indexRange=""859-974"" timescale=""15360"" FBFirstSegmentRange=""975-295541""><Initialization range=""0-858""/></SegmentBase></Representation></AdaptationSet><AdaptationSet id=""1"" contentType=""audio"" subsegmentAlignment=""true""><Representation id=""6015821161864219a"" bandwidth=""65626"" codecs=""mp4a.40.5"" mimeType=""audio/mp4"" FBAvgBitrate=""65626"" audioSamplingRate=""44100"" FBEncodingTag=""dash_audio_aacp_64_fnorm14_frag_2_audio"" FBDefaultQuality=""1""><AudioChannelConfiguration schemeIdUri=""urn:mpeg:dash:23003:3:audio_channel_configuration:2011"" value=""2""/><BaseURL>https://video.fwbw1-1.fna.fbcdn.net/v/t39.25447-2/343119779_187306860860253_1071022218695635132_n.mp4?_nc_cat=109&ccb=1-7&_nc_sid=9c5c06&efg=eyJ2ZW5jb2RlX3RhZyI6ImRhc2hfYXVkaW9fYWFjcF82NF9mbm9ybTE0X2ZyYWdfMl9hdWRpbyJ9&_nc_ohc=GyRjh46hPvAAX-X80Gn&_nc_ht=video.fwbw1-1.fna&oh=00_AfC2Uo_kz6Fi4uS_YpTvBJnIT-n4ioWvg0XzbixSQbrmBw&oe=6465D28F</BaseURL><SegmentBase indexRange=""817-1040"" timescale=""44100"" FBFirstSegmentRange=""1041-18861""><Initialization range=""0-816""/></SegmentBase></Representation></AdaptationSet></Period></MPD>
","6467293523289315v","6015821161864219a","{""video_license_uri_map"":{},""graph_api_video_license_uri"":null,""fairplay_cert"":null,""widevine_cert"":""CsECCAMSEBcFuRfMEgSGiwYzOi93KowYgrSCkgUijgIwggEKAoIBAQCZ7Vs7Mn2rXiTvw7YqlbWYUgrVvMs3UD4GRbgU2Ha430BRBEGtjOOtsRu4jE5yWl5KngeVKR1YWEAjp+GvDjipEnk5MAhhC28VjIeMfiG\/+\/7qd+EBnh5XgeikX0YmPRTmDoBYqGB63OBPrIRXsTeo1nzN6zNwXZg6IftO7L1KEMpHSQykfqpdQ4IY3brxyt4zkvE9b\/tkQv0x4b9AsMYE0cS6TJUgpL+X7r1gkpr87vVbuvVk4tDnbNfFXHOggrmWEguDWe3OJHBwgmgNb2fG2CxKxfMTRJCnTuw3r0svAQxZ6ChD4lgvC2ufXbD8Xm7fZPvTCLRxG88SUAGcn1oJAgMBAAE6FGxpY2Vuc2Uud2lkZXZpbmUuY29tEoADrjRzFLWoNSl\/JxOI+3u4y1J30kmCPN3R2jC5MzlRHrPMveoEuUS5J8EhNG79verJ1BORfm7BdqEEOEYKUDvBlSubpOTOD8S\/wgqYCKqvS\/zRnB3PzfV0zKwo0bQQQWz53ogEMBy9szTK\/NDUCXhCOmQuVGE98K\/PlspKkknYVeQrOnA+8XZ\/apvTbWv4K+drvwy6T95Z0qvMdv62Qke4XEMfvKUiZrYZ\/DaXlUP8qcu9u\/r6DhpV51Wjx7zmVflkb1gquc9wqgi5efhn9joLK3\/bNixbxOzVVdhbyqnFk8ODyFfUnaq3fkC3hR3f0kmYgI41sljnXXjqwMoW9wRzBMINk+3k6P8cbxfmJD4\/Paj8FwmHDsRfuoI6Jj8M76H3CTsZCZKDJjM3BQQ6Kb2m+bQ0LMjfVDyxoRgvfF\/\/M\/EEkPrKWyU2C3YBXpxaBquO4C8A0ujVmGEEqsxN1HX9lu6c5OMm8huDxwWFd7OHMs3avGpr7RP7DUnTikXrh6X0""}","VideoPlayerWatchInlineEndScreen.react","VideoPlayerWatchInlineEndScreen_info$normalization.graphql","false","UzpfSTEwMDA1MzY1MzI3NTQ4OTpWSzoxMjcyNzQ1MzU2ODk0MDQ3",,"1272745356894047","CHANNEL_VIEW_FROM_END_CARD","PROFILE",,"1280","1272745356894047",,,,,,,,"https://scontent.fwbw1-1.fna.fbcdn.net/v/t15.5256-10/314934599_661780372326996_2556999747971335341_n.jpg?stp=dst-jpg_p296x100&_nc_cat=104&ccb=1-7&_nc_sid=ad6a45&_nc_ohc=b18xcf2bK_gAX8LJzRb&_nc_ht=scontent.fwbw1-1.fna&oh=00_AfAYvDdicCIU6WmxN9ac2RLfielhJqsoxlXk1Gszecg7nQ&oe=64664750","VideoPlayerWatchInlinePauseScreen.react","VideoPlayerWatchInlinePauseScreen_info$normalization.graphql","CHANNEL_VIEW_FROM_END_CARD","PROFILE","1272745356894047","false","false","false","false","false","false","false","false","false","false","false","false","false","false","false","false","false","true","false",,"0",,"false",,"0","",,,,"1280","NO_ROTATE","720","User","User","true","100053653275489",,"https://www.facebook.com/affkars/videos/1272745356894047/",,,,"30348","https://video.fwbw1-1.fna.fbcdn.net/v/t42.1790-2/317516197_634705061718338_1354166181272167749_n.mp4?_nc_cat=102&ccb=1-7&_nc_sid=985c63&efg=eyJybHIiOjMwMCwicmxhIjo1MTIsInZlbmNvZGVfdGFnIjoic3ZlX3NkIn0%3D&_nc_ohc=5T-GrXnr9FgAX-PXxVR&rl=300&vabr=142&_nc_ht=video.fwbw1-1.fna&oh=00_AfAhkbkjzOsuM_3YJgNg78cnaAND0uT49isR_TTOJ_4lKQ&oe=6466636E","https://www.facebook.com/video/playback/dash_mpd_debug.mpd?v=1272745356894047&dummy=.mpd","https://video.fwbw1-1.fna.fbcdn.net/v/t39.25447-2/340840381_239962528516376_8447815689684181630_n.mp4?_nc_cat=110&vs=535f771098962750&_nc_vs=HBksFQAYJEdMM1BVQlFZaVVXaFB0b0FBSDdpbUhfY3F6eDFibWRqQUFBRhUAAsgBABUAGCRHUE5TNXhMdndRYzFpSnNFQUxRT3pKSnJmRGd2YnY0R0FBQUYVAgLIAQBLB4gScHJvZ3Jlc3NpdmVfcmVjaXBlATENc3Vic2FtcGxlX2ZwcwAQdm1hZl9lbmFibGVfbnN1YgAgbWVhc3VyZV9vcmlnaW5hbF9yZXNvbHV0aW9uX3NzaW0AKGNvbXB1dGVfc3NpbV9vbmx5X2F0X29yaWdpbmFsX3Jlc29sdXRpb24AHXVzZV9sYW5jem9zX2Zvcl92cW1fdXBzY2FsaW5nABFkaXNhYmxlX3Bvc3RfcHZxcwAVACUAHIwXQAAAAAAAAAAREQAAACbg4PGD7o3OARUCKAJDMxgLdnRzX3ByZXZpZXccF0A%2BVT987ZFoGCdkYXNoX3IyX2F2Y19nZW4xYXZjX2xjX3E4MF9mcmFnXzJfdmlkZW8SABgYdmlkZW9zLnZ0cy5jYWxsYmFjay5wcm9kOBJWSURFT19WSUVXX1JFUVVFU1QbCogVb2VtX3RhcmdldF9lbmNvZGVfdGFnBm9lcF9oZBNvZW1fcmVxdWVzdF90aW1lX21zATAMb2VtX2NmZ19ydWxlB3VubXV0ZWQTb2VtX3JvaV9yZWFjaF9jb3VudAY5NDM4MDYRb2VtX2lzX2V4cGVyaW1lbnQADG9lbV92aWRlb19pZBAxMjcyNzQ1MzU2ODk0MDQ3Em9lbV92aWRlb19hc3NldF9pZBAxMTc5ODg0MDI2MjY5ODY4FW9lbV92aWRlb19yZXNvdXJjZV9pZA80NTMyMzY4OTY5NzA4MDAcb2VtX3NvdXJjZV92aWRlb19lbmNvZGluZ19pZBA2NDY3MjkzNTIzMjg5MzE1DnZ0c19yZXF1ZXN0X2lkACUCHAAlvgEbB4gBcwQyNTg1AmNkCjIwMjItMTEtMjcDcmNiBjk0MzgwMANhcHAGVmlkZW9zAmN0GUNPTlRBSU5FRF9QT1NUX0FUVEFDSE1FTlQTb3JpZ2luYWxfZHVyYXRpb25fcwkzMC4zNDg0MzgCdHMVcHJvZ3Jlc3NpdmVfZW5jb2RpbmdzAA%3D%3D&ccb=1-7&_nc_sid=edb1c8&efg=eyJ2ZW5jb2RlX3RhZyI6Im9lcF9oZCJ9&_nc_ohc=nT12l0e5NEgAX-B4c44&_nc_ht=video.fwbw1-1.fna&oh=00_AfAq39ZdSg2vH7wDx8KAZYuyueBKx15Py0EWYZrbdELyFQ&oe=64668EA8&_nc_rid=063953392173872",,"453237183637438","https://scontent.fwbw1-1.fna.fbcdn.net/v/t15.5256-10/314934599_661780372326996_2556999747971335341_n.jpg?stp=dst-jpg_s960x960&_nc_cat=104&ccb=1-7&_nc_sid=df419e&_nc_ohc=b18xcf2bK_gAX8LJzRb&_nc_ht=scontent.fwbw1-1.fna&oh=00_AfCGj9cQg2tGEjSfyXcC5_iuMV2FFUlZN-nP9N4eVXHV8w&oe=64664750","ABgq58DPFStAyruP9f8ACnQcOp9+9ak7eYnzHj29utSbPQwqKcaKY7E6qD6/hj+tXopFAJI5A4+716ZPPbr6ZrOBpaDFtvdj5FUD8/T+lFRscUUBd9xuBnIpc02igqwp5opKKAsf/9k=","1669587846",,,"false","0","0","0","0","0",,,"https://scontent.fwbw1-1.fna.fbcdn.net/v/t15.5256-10/314934599_661780372326996_2556999747971335341_n.jpg?stp=dst-jpg_s960x960&_nc_cat=104&ccb=1-7&_nc_sid=ad6a45&_nc_ohc=b18xcf2bK_gAX8LJzRb&_nc_ht=scontent.fwbw1-1.fna&oh=00_AfCGj9cQg2tGEjSfyXcC5_iuMV2FFUlZN-nP9N4eVXHV8w&oe=64664750",,"https://www.facebook.com/affkars/videos/1272745356894047/","1272745356894047",,,"CONTAINED_POST_ATTACHMENT",,,"VideoPlayerShakaPerformanceLogger","useVideoPlayerShakaPerformanceLoggerRelayImpl_init$normalization.graphql","VideoPlayerShakaPerformanceLoggerInit","VideoPlayerShakaPerformanceLoggerBuilder","useVideoPlayerShakaPerformanceLoggerBuilder_init$normalization.graphql","VideoPlayerShakaPerformanceLoggerInit",,"false","default_autoplay","720","أفكار ضد الرصاص","681291227002647","25",,"2022-11-27T22:24:59.000Z","1669587899","https://www.facebook.com/100053653275489/posts/681291227002647","https://www.facebook.com/affkars/posts/pfbid037ioycy8VJCuLK5ftVx8oisuEi5TYWo5T6etjKLDbBWnMHZBnpH32qHnm1Kt4wWjvl"
"15","100053653275489","https://www.facebook.com/affkars","ZmVlZGJhY2s6NjY5OTczODM4MTM0Mzg2",,"942","Photo","Photo","FF040404",,,,,,,,,,,,,,,,,,,,,,,,,,,,,,,,,,,,"669973824801054",,,,,,,,,,,,,,,,,,,,,,,,,,,,,,,,,,,,,,,,,,"No photo description available.",,,,,,,,,,"526","https://scontent-iad3-2.xx.fbcdn.net/v/t39.30808-6/314389319_669973804801056_8505649061432231007_n.jpg?stp=dst-jpg_p526x296&_nc_cat=111&ccb=1-7&_nc_sid=8bfeb9&_nc_ohc=cO9PnUGi4EEAX9jcCqB&_nc_ht=scontent-iad3-2.xx&oh=00_AfBujvSVjcKBoeFOZdvTj7yjFj2xzrW56Ehfhy8LvP-3Zw&oe=6465D983","526",,,,,,,,,,,,,,,,,,,,,,"https://www.facebook.com/photo/?fbid=669973824801054&set=a.352296163235490",,,,,,,,,,,,,,,,,"أفكار ضد الرصاص","669973838134386","81","غاية التواضع ..","2022-11-11T21:53:02.000Z","1668203582","https://www.facebook.com/100053653275489/posts/669973838134386","https://www.facebook.com/affkars/posts/pfbid024pQkEusH2JEiJejv9LtqXPREsYY2f6i8kunAQCdSkjC2ADTztuMe4fiHR9PCzDe9l"
