ranking	comments	facebookId	facebookUrl	feedbackId	isVideo	likes	media/0/__isMedia	media/0/__typename	media/0/accent_color	media/0/all_subattachments/count	media/0/all_subattachments/nodes/0/deduplication_key	media/0/all_subattachments/nodes/0/media/__isMedia	media/0/all_subattachments/nodes/0/media/__isNode	media/0/all_subattachments/nodes/0/media/__typename	media/0/all_subattachments/nodes/0/media/accessibility_caption	media/0/all_subattachments/nodes/0/media/copyright_banner_info	media/0/all_subattachments/nodes/0/media/focus/x	media/0/all_subattachments/nodes/0/media/focus/y	media/0/all_subattachments/nodes/0/media/id	media/0/all_subattachments/nodes/0/media/image/height	media/0/all_subattachments/nodes/0/media/image/uri	media/0/all_subattachments/nodes/0/media/image/width	media/0/all_subattachments/nodes/0/media/is_playable	media/0/all_subattachments/nodes/0/media/owner/__typename	media/0/all_subattachments/nodes/0/media/owner/id	media/0/all_subattachments/nodes/0/media/photo_cix_screen	media/0/all_subattachments/nodes/0/media/viewer_image/height	media/0/all_subattachments/nodes/0/media/viewer_image/uri	media/0/all_subattachments/nodes/0/media/viewer_image/width	media/0/all_subattachments/nodes/0/url	media/0/all_subattachments/nodes/1/deduplication_key	media/0/all_subattachments/nodes/1/media/__isMedia	media/0/all_subattachments/nodes/1/media/__isNode	media/0/all_subattachments/nodes/1/media/__typename	media/0/all_subattachments/nodes/1/media/accessibility_caption	media/0/all_subattachments/nodes/1/media/copyright_banner_info	media/0/all_subattachments/nodes/1/media/focus/x	media/0/all_subattachments/nodes/1/media/focus/y	media/0/all_subattachments/nodes/1/media/id	media/0/all_subattachments/nodes/1/media/image/height	media/0/all_subattachments/nodes/1/media/image/uri	media/0/all_subattachments/nodes/1/media/image/width	media/0/all_subattachments/nodes/1/media/is_playable	media/0/all_subattachments/nodes/1/media/owner/__typename	media/0/all_subattachments/nodes/1/media/owner/id	media/0/all_subattachments/nodes/1/media/photo_cix_screen	media/0/all_subattachments/nodes/1/media/viewer_image/height	media/0/all_subattachments/nodes/1/media/viewer_image/uri	media/0/all_subattachments/nodes/1/media/viewer_image/width	media/0/all_subattachments/nodes/1/url	media/0/all_subattachments/nodes/2/deduplication_key	media/0/all_subattachments/nodes/2/media/__isMedia	media/0/all_subattachments/nodes/2/media/__isNode	media/0/all_subattachments/nodes/2/media/__typename	media/0/all_subattachments/nodes/2/media/accessibility_caption	media/0/all_subattachments/nodes/2/media/copyright_banner_info	media/0/all_subattachments/nodes/2/media/focus/x	media/0/all_subattachments/nodes/2/media/focus/y	media/0/all_subattachments/nodes/2/media/id	media/0/all_subattachments/nodes/2/media/image/height	media/0/all_subattachments/nodes/2/media/image/uri	media/0/all_subattachments/nodes/2/media/image/width	media/0/all_subattachments/nodes/2/media/is_playable	media/0/all_subattachments/nodes/2/media/owner/__typename	media/0/all_subattachments/nodes/2/media/owner/id	media/0/all_subattachments/nodes/2/media/photo_cix_screen	media/0/all_subattachments/nodes/2/media/viewer_image/height	media/0/all_subattachments/nodes/2/media/viewer_image/uri	media/0/all_subattachments/nodes/2/media/viewer_image/width	media/0/all_subattachments/nodes/2/url	media/0/all_subattachments/nodes/3/deduplication_key	media/0/all_subattachments/nodes/3/media/__isMedia	media/0/all_subattachments/nodes/3/media/__isNode	media/0/all_subattachments/nodes/3/media/__typename	media/0/all_subattachments/nodes/3/media/accessibility_caption	media/0/all_subattachments/nodes/3/media/copyright_banner_info	media/0/all_subattachments/nodes/3/media/focus/x	media/0/all_subattachments/nodes/3/media/focus/y	media/0/all_subattachments/nodes/3/media/id	media/0/all_subattachments/nodes/3/media/image/height	media/0/all_subattachments/nodes/3/media/image/uri	media/0/all_subattachments/nodes/3/media/image/width	media/0/all_subattachments/nodes/3/media/is_playable	media/0/all_subattachments/nodes/3/media/owner/__typename	media/0/all_subattachments/nodes/3/media/owner/id	media/0/all_subattachments/nodes/3/media/photo_cix_screen	media/0/all_subattachments/nodes/3/media/viewer_image/height	media/0/all_subattachments/nodes/3/media/viewer_image/uri	media/0/all_subattachments/nodes/3/media/viewer_image/width	media/0/all_subattachments/nodes/3/url	media/0/all_subattachments/nodes/4/deduplication_key	media/0/all_subattachments/nodes/4/media/__isMedia	media/0/all_subattachments/nodes/4/media/__isNode	media/0/all_subattachments/nodes/4/media/__typename	media/0/all_subattachments/nodes/4/media/accessibility_caption	media/0/all_subattachments/nodes/4/media/copyright_banner_info	media/0/all_subattachments/nodes/4/media/focus/x	media/0/all_subattachments/nodes/4/media/focus/y	media/0/all_subattachments/nodes/4/media/id	media/0/all_subattachments/nodes/4/media/image/height	media/0/all_subattachments/nodes/4/media/image/uri	media/0/all_subattachments/nodes/4/media/image/width	media/0/all_subattachments/nodes/4/media/is_playable	media/0/all_subattachments/nodes/4/media/owner/__typename	media/0/all_subattachments/nodes/4/media/owner/id	media/0/all_subattachments/nodes/4/media/photo_cix_screen	media/0/all_subattachments/nodes/4/media/viewer_image/height	media/0/all_subattachments/nodes/4/media/viewer_image/uri	media/0/all_subattachments/nodes/4/media/viewer_image/width	media/0/all_subattachments/nodes/4/url	media/0/animated_image_caption	media/0/audio_availability	media/0/audio_settings	media/0/autoplay_gating_result	media/0/breakingStatus	media/0/broadcast_id	media/0/broadcast_low_latency_config/ll_desired_latency_ms	media/0/broadcast_low_latency_config/ll_latency_tolerance_ms	media/0/broadcast_status	media/0/broadcaster_origin	media/0/can_autoplay	media/0/can_use_oz	media/0/can_viewer_share	media/0/canonical_uri_with_fallback	media/0/captions_settings	media/0/captions_url	media/0/clip_fallback_cover	media/0/comet_product_tag_feed_overlay_renderer	media/0/comet_video_player_audio_background_renderer	media/0/comet_video_player_audio_overlay_renderer	media/0/comet_video_player_context_sensitive_config	media/0/comet_video_player_music_sprout_background_renderer	media/0/comet_video_player_static_config	media/0/dash_manifest	media/0/dash_prefetch_experimental/0	media/0/dash_prefetch_experimental/1	media/0/drm_info	media/0/end_cards_channel_info/__module_component_useVideoPlayerWatchEndScreenWithActions_video/__dr	media/0/end_cards_channel_info/__module_operation_useVideoPlayerWatchEndScreenWithActions_video/__dr	media/0/end_cards_channel_info/video/can_viewer_share	media/0/end_cards_channel_info/video/creation_story/id	media/0/end_cards_channel_info/video/creation_story/shareable/__isNode	media/0/end_cards_channel_info/video/creation_story/shareable/__typename	media/0/end_cards_channel_info/video/creation_story/shareable/id	media/0/end_cards_channel_info/video/creation_story/shareable/wwwUrl	media/0/end_cards_channel_info/video/id	media/0/end_cards_channel_info/video_chaining_caller	media/0/end_cards_channel_info/video_channel_entry_point	media/0/fbls_tier	media/0/flexible_height_share_image	media/0/height	media/0/id	media/0/if_viewer_can_see_community_moderation_tools	media/0/if_viewer_can_see_costreaming_tools	media/0/if_viewer_can_see_pay_to_access_paywall	media/0/if_viewer_can_use_clipping	media/0/if_viewer_can_use_latency_menu	media/0/if_viewer_can_use_latency_menu_toggle	media/0/if_viewer_can_use_live_rewind	media/0/image/uri	media/0/info/__module_component_useVideoPlayerWatchPauseScreenWithActions_video/__dr	media/0/info/__module_operation_useVideoPlayerWatchPauseScreenWithActions_video/__dr	media/0/info/video_chaining_caller	media/0/info/video_channel_entry_point	media/0/info/video_id	media/0/isPremiere	media/0/is_clip	media/0/is_clipping_enabled	media/0/is_gaming_video	media/0/is_huddle	media/0/is_latency_menu_enabled	media/0/is_latency_sensitive_broadcast	media/0/is_live_audio_room_v2_broadcast	media/0/is_live_streaming	media/0/is_live_trace_enabled	media/0/is_looping	media/0/is_music_clip	media/0/is_ncsr	media/0/is_podcast_video	media/0/is_rss_podcast_video	media/0/is_soundbites_video	media/0/is_spherical	media/0/is_spherical_enabled	media/0/is_video_broadcast	media/0/large_share_image/height	media/0/large_share_image/uri	media/0/large_share_image/width	media/0/latency_sensitive_config/broadcast_latency_sensitivity	media/0/liveViewerCount	media/0/live_playback_instrumentation_configs/is_client_triggered_trace_enabled	media/0/live_rewind_enabled	media/0/live_speaker_count_indicator	media/0/loop_count	media/0/matcha_related_keywords_links/0	media/0/mediaset_token	media/0/min_quality_preference	media/0/music_attachment_metadata	media/0/ocrText	media/0/original_height	media/0/original_rotation	media/0/original_width	media/0/owner/__isVideoOwner	media/0/owner/__typename	media/0/owner/has_professional_features_for_watch	media/0/owner/id	media/0/p2p_settings	media/0/permalink_url	media/0/photo_image/height	media/0/photo_image/uri	media/0/photo_image/width	media/0/playable_duration_in_ms	media/0/playable_url	media/0/playable_url_dash	media/0/playable_url_quality_hd	media/0/pmv_metadata	media/0/preferred_thumbnail/id	media/0/preferred_thumbnail/image/uri	media/0/preferred_thumbnail/image_preview_payload	media/0/publish_time	media/0/recipient_group	media/0/rehearsalInfo	media/0/scrubber_preview_thumbnail_information/has_preview_thumbnails	media/0/scrubber_preview_thumbnail_information/max_number_of_images_per_sprite	media/0/scrubber_preview_thumbnail_information/num_images_per_row	media/0/scrubber_preview_thumbnail_information/thumbnail_height	media/0/scrubber_preview_thumbnail_information/thumbnail_width	media/0/scrubber_preview_thumbnail_information/time_interval_between_image	media/0/spherical_video_fallback_urls	media/0/spherical_video_renderer	media/0/thumbnailImage/uri	media/0/unsupported_browser_message	media/0/url	media/0/videoId	media/0/video_anchor_tag_info	media/0/video_available_captions_locales/0/captions_url	media/0/video_available_captions_locales/0/locale	media/0/video_available_captions_locales/0/localized_country	media/0/video_available_captions_locales/0/localized_creation_method	media/0/video_available_captions_locales/0/localized_language	media/0/video_collaborator_page_or_delegate_page	media/0/video_container_type	media/0/video_imf_data	media/0/video_player_shaka_live_p2p_init	media/0/video_player_shaka_performance_logger_init/__module_component_useVideoPlayerShakaPerformanceLoggerRelayImpl_video/__dr	media/0/video_player_shaka_performance_logger_init/__module_operation_useVideoPlayerShakaPerformanceLoggerRelayImpl_video/__dr	media/0/video_player_shaka_performance_logger_init/__typename	media/0/video_player_shaka_performance_logger_init2/__module_component_useVideoPlayerShakaPerformanceLoggerBuilder_video/__dr	media/0/video_player_shaka_performance_logger_init2/__module_operation_useVideoPlayerShakaPerformanceLoggerBuilder_video/__dr	media/0/video_player_shaka_performance_logger_init2/__typename	media/0/video_player_shaka_performance_logger_init2/per_session_sampling_rate	media/0/video_player_shaka_performance_logger_should_sample	media/0/viewer_autoplay_setting	media/0/width	pageName	postId	shares	text	time	timestamp	topLevelUrl	url
1	0	1.00065E+14	https://www.facebook.com/Syrian.researchers	ZmVlZGJhY2s6NjI4OTQxNTc5Mjc1NjU5		38	GenericAttachmentMedia	GenericAttachmentMedia																																																																																																																																																6.12877E+15																																	261	https://external-hou1-1.xx.fbcdn.net/emg1/v/t13/7817295932892174651?url=https%3A%2F%2Fwww.syr-res.com%2Fpictures%2F621797255.jpg&fb_obo=1&utld=syr-res.com&stp=c0.5000x0.5000f_dst-jpg_flffffff_p500x261_q75&ccb=13-1&oh=06_AbF0gmRmawEmZYh5Eeaycxr2yUwOSy6gJaQxTShjNxBOGg&oe=64639964&_nc_sid=7b0f64	500																																																																			???????? ???????? Syrian Researchers	6.28942E+14	0	"?????? ????? ???????? ????????? ???????? ??? ???????? ???? ????? ?????? ????????? ???????? ?? ??? ?????? ????????? ?????? ???? ?????? ???? ??????? ???? ????? ?? ??????? ???????.
??? ?????? ????? ??? ??????? ??????? ????? 27% ???????? ????????? ?????? ?????????? ??? ???? 73% ?? ??????? ??? ?????? ??? ????????? ??? ???? ?????? ?????????? ?????? ??? ?????????? ???? ?????? ????? ?? ??????? ????????? ????????? ????????? ?? ??????? 48% ?? ??????? ?????????? ???????? ????????? ?? ????? ??????? ??????? ???????? ????? ????? ?????? ?????????? ????? ???? 9% ?? ??????? ??????? ????????? ?????? ??? ???????? ??? ???? 65% ?? ???????? ????????? ?? ?????? ??????? ????????? ???? ????? ????? ????? ?????? ????? ?????? ????????? ??? ??? ????"".
???? ?? ?????? ???????? ???? ????? ??? ????????? ?????? ?????? ????????? ??????? ?? ??? ??? ?? ????? ???? ????? ????? ??????? ???? ????? ?????? ???????? ??? ??????? ???? ????? ??? ??? ????????? ??? ????? ????? ????? ?? ?????? ??????????

#R24786"	2023-05-14T18:00:05.000Z	1684087205	https://www.facebook.com/100064794664056/posts/628941579275659	https://www.facebook.com/Syrian.researchers/posts/pfbid02xeCZAwSLYCTPoWPp1GirGH9xiCoNPD8FNfZj7hh8G4rZtY21MoxUZgzFSmbPVuRfl
1	38	1.00065E+14	https://www.facebook.com/Syrian.researchers	ZmVlZGJhY2s6NjI4Nzg2Mjc1OTU3ODU2		212				6	8accf0906b12a6441943b8ae49190036	Photo	Photo	Photo	May be an image of text		0.5	0.33	6.28786E+14	395	https://scontent.fosu2-1.fna.fbcdn.net/v/t39.30808-6/346651030_797858681762434_3801777317730392219_n.jpg?stp=dst-jpg_p526x395&_nc_cat=107&ccb=1-7&_nc_sid=730e14&_nc_ohc=4RQtPbmkSnwAX9sUCBQ&_nc_ht=scontent.fosu2-1.fna&oh=00_AfBgd767z5NLhXU3LrUC-VvXMao6rb7GZwM2mLAC9stPLA&oe=64669BDF	593	FALSE	User	1.00065E+14		800	https://scontent.fosu2-1.fna.fbcdn.net/v/t39.30808-6/346651030_797858681762434_3801777317730392219_n.jpg?_nc_cat=107&ccb=1-7&_nc_sid=730e14&_nc_ohc=4RQtPbmkSnwAX9sUCBQ&_nc_ht=scontent.fosu2-1.fna&oh=00_AfAFu0Dbdysb-FaMcTOGuSTIRUBLhq8P4Efqyzza6s7d-g&oe=64669BDF	1200	https://www.facebook.com/photo.php?fbid=628786199291197&set=a.605000188336465&type=3	75000372fc29af4f6195dc5ddd06e5a8	Photo	Photo	Photo	"May be an image of ?1 person and ?text that says '??VA scholarship Public UBC ???? ????? Columbia) (British ??????? ??????? ???? :???????? .????????? ???? :?????? 10,000 ????? ????? ???? ?????? :??????? 12 ???? (????) 2023 O ???????? ?????????'??"		0.5	0.33	6.28786E+14	600	https://scontent.fosu2-2.fna.fbcdn.net/v/t39.30808-6/345666240_777554447418156_1120234486765585118_n.jpg?stp=dst-jpg_p600x600&_nc_cat=101&ccb=1-7&_nc_sid=730e14&_nc_ohc=NUfcmtfwfZkAX-a-UiJ&_nc_ht=scontent.fosu2-2.fna&oh=00_AfD3IZaIXmUiGnXG0A6O88Y-1IzTrSZm_uJGY4QaQqwOhQ&oe=646766D8	600	FALSE	User	1.00065E+14		800	https://scontent.fosu2-2.fna.fbcdn.net/v/t39.30808-6/345666240_777554447418156_1120234486765585118_n.jpg?_nc_cat=101&ccb=1-7&_nc_sid=730e14&_nc_ohc=NUfcmtfwfZkAX-a-UiJ&_nc_ht=scontent.fosu2-2.fna&oh=00_AfA-kEBEQzeywc9aYSVUrk9bWLN-8AhYC00rUamDoqGqSA&oe=646766D8	800	https://www.facebook.com/photo.php?fbid=628786192624531&set=a.605000188336465&type=3	61547835ec7cd9b36143fb3575d4da75	Photo	Photo	Photo	May be an image of text		0.5	0.33	6.28786E+14	600	https://scontent.fosu2-2.fna.fbcdn.net/v/t39.30808-6/347083066_626772882815943_5456885438550852441_n.jpg?stp=dst-jpg_p600x600&_nc_cat=103&ccb=1-7&_nc_sid=730e14&_nc_ohc=c6wtUSHI7UwAX9W4E62&_nc_ht=scontent.fosu2-2.fna&oh=00_AfAPo-m0w-34KXI06QTJwaVoxQlDJPzIPyN-Ed4v1TZkZQ&oe=6465E9D9	600	FALSE	User	1.00065E+14		800	https://scontent.fosu2-2.fna.fbcdn.net/v/t39.30808-6/347083066_626772882815943_5456885438550852441_n.jpg?_nc_cat=103&ccb=1-7&_nc_sid=730e14&_nc_ohc=c6wtUSHI7UwAX9W4E62&_nc_ht=scontent.fosu2-2.fna&oh=00_AfAj10ZjCdl2tG1027G3AcBCo1zEXJP7rfNUgjIOJlZfdA&oe=6465E9D9	800	https://www.facebook.com/photo.php?fbid=628786189291198&set=a.605000188336465&type=3	1df55e48ec24d6ee0ab55e92ac986d8c	Photo	Photo	Photo	"May be an image of ?1 person and ?text that says '?Hanze Sciences Applied of University Groningen MA Scholarship Hanze ???? ????? Hanze ?????? ????????? ?? ?????? ??????? :???????? .????????? ???? :?????? 10,000 ???? ??? ??? .?????? ???? ?????? :??????? 31 ???? (????) 2023 ???????? ?????????'??"		0.5	0.33	6.28786E+14	600	https://scontent.fosu2-1.fna.fbcdn.net/v/t39.30808-6/347083907_209138725241837_1136919751430306392_n.jpg?stp=dst-jpg_p600x600&_nc_cat=102&ccb=1-7&_nc_sid=730e14&_nc_ohc=pSsffXs_ANQAX94-z_o&_nc_ht=scontent.fosu2-1.fna&oh=00_AfAObQ6nu8729h210QqcsOwxYPRk_C-bTxSLb3PU5JSmhA&oe=6467AB3E	600	FALSE	User	1.00065E+14		800	https://scontent.fosu2-1.fna.fbcdn.net/v/t39.30808-6/347083907_209138725241837_1136919751430306392_n.jpg?_nc_cat=102&ccb=1-7&_nc_sid=730e14&_nc_ohc=pSsffXs_ANQAX94-z_o&_nc_ht=scontent.fosu2-1.fna&oh=00_AfACpMWVANnU3FCuMbOYbEeM1Gv3_tc0B-6LQEe6A0bgGQ&oe=6467AB3E	800	https://www.facebook.com/photo.php?fbid=628786202624530&set=a.605000188336465&type=3	96e0101fea6973af031d9274b8bde791	Photo	Photo	Photo	"May be an image of ?poster, magazine and ?text that says '?Agency Technology Science,Technology Research and SINGAPORE a Award Graduate International Singapore (SINGA) ???? ????? ???????? ??????? ???????? ?????? ??????? :???????? ????????? ???? :?????? ?????? ???????? 2,200g ???????? .??????? ???? ?????? ??????? ?????? (?????) 2023 O ???????? ??????????'??"		0.5	0.33	6.28786E+14	600	https://scontent.fosu2-2.fna.fbcdn.net/v/t39.30808-6/347085025_632870865548557_1060093714046384295_n.jpg?stp=dst-jpg_p600x600&_nc_cat=103&ccb=1-7&_nc_sid=730e14&_nc_ohc=oNVlJreHDckAX9dOjnj&_nc_ht=scontent.fosu2-2.fna&oh=00_AfCID2Jb7i7Jb0t5tGIfxWWJJR_JQE1zObi-Wkp0BXRN4w&oe=646795AC	600	FALSE	User	1.00065E+14		800	https://scontent.fosu2-2.fna.fbcdn.net/v/t39.30808-6/347085025_632870865548557_1060093714046384295_n.jpg?_nc_cat=103&ccb=1-7&_nc_sid=730e14&_nc_ohc=oNVlJreHDckAX9dOjnj&_nc_ht=scontent.fosu2-2.fna&oh=00_AfCl8B8CqZ0Fv_DkgSRzIuEYRkLifhIFhIq8H9ENzsprSQ&oe=646795AC	800	https://www.facebook.com/photo.php?fbid=628786195957864&set=a.605000188336465&type=3																																																																																					pcb.628786275957856																																					https://www.facebook.com/Syrian.researchers/posts/pfbid02H4iGZq2MJFDLPjtRDmkG8Ac67cmm7PCHxbuyTE89KLCGa1hmG3trkqtqNRx9spr9l																						???????? ???????? Syrian Researchers	6.28786E+14	21	"?????? ?? ????? ???????? ?????? ???????? ??????? ?????? ???? ?????? ????? ?? ????? ??? ???? (????) ?? ????? 2023? ????? ??????:

?????: Rodin Issa 
????? ????: Modar Ali 
????? ????: ??? ?????? ???? 
????? ?????: Dana Al-Droubi

#R24787"	2023-05-14T14:00:03.000Z	1684072803	https://www.facebook.com/100064794664056/posts/628786275957856	https://www.facebook.com/Syrian.researchers/posts/pfbid02H4iGZq2MJFDLPjtRDmkG8Ac67cmm7PCHxbuyTE89KLCGa1hmG3trkqtqNRx9spr9l
0	58	1.00065E+14	https://www.facebook.com/Syrian.researchers	ZmVlZGJhY2s6NjI4NzIxMDAyNjMxMDUw		457	Photo	Photo	FF766E61																																																																																																																																															6.2872E+14																																														May be art of text										526	https://scontent-dfw5-1.xx.fbcdn.net/v/t39.30808-6/346974257_1003505657680520_7451421644857377311_n.jpg?stp=dst-jpg_p526x296&_nc_cat=109&ccb=1-7&_nc_sid=730e14&_nc_ohc=G5n6U9KCOsAAX83Cq9E&_nc_oc=AQnDS2SPUvbkEBwUMcfUjrxWoLFUzsUe0idx_zEUcjd38Wv7Y78QH8FKXDHB8xz67Fk&_nc_ht=scontent-dfw5-1.xx&oh=00_AfDmt_T94wWZ3tbKWS8BIXc9lZlf0k7ftMwBEPks1ZieEQ&oe=64661224	526																						https://www.facebook.com/photo/?fbid=628719845964499&set=a.605000188336465																						???????? ???????? Syrian Researchers	6.28721E+14	1	"?? ???? ????? ??????? ????? ????  ""???????? ????????"" ?????? ??????? ????????? ???????? ?????? ""??? ?????""? ???? ???? ?? ?????? ?????? 1/5/2023? ??? ???? ??? ????? ?????? ??? ???? ?????? ???????? ??? ????? ??? ???? ????? ?????? ???? ????? ????? ?????? ????? ??????? ?????? ???? ?????? ??? ???????? ????????? ????? ????? ????? ?????? ??? ?? ??????? ?????? ???????  ????? ?????? ?????? ?????? ?????? ???? ?????? ?????? ?? ??????? ????????? ?????? ???? ""???"" ???? ????? ??????? ??????? ?? ???? ???? ?????? ??????? ??????? ?? ???? ???????? ??????? ?? ???????? ""???"" ???????? ?????? ???????? ???????? ??????? ?????? ???????? ????????.

?? ???? ?? ??? ?????? ???? ????? ?? ????? ????? ?? ??? ?? ????? ?? ?????? ???????? ??? ???? ?????.

*?????? ??????? ??? ?? ???? Make it Art - ????? ??."	2023-05-14T11:55:14.000Z	1684065314	https://www.facebook.com/100064794664056/posts/628721002631050	https://www.facebook.com/Syrian.researchers/posts/pfbid02QpL7aDGVPzf7kRzM8zg2Ci7QRa4GVa1tWGXpCJzBsk7PZdM2b9WsJA6usXvgSvC3l
0	1	1.00065E+14	https://www.facebook.com/Syrian.researchers	ZmVlZGJhY2s6NjI4MzIzNzQyNjcwNzc2		60	GenericAttachmentMedia	GenericAttachmentMedia																																																																																																																																																2.96097E+15																																	261	https://external-dfw5-1.xx.fbcdn.net/emg1/v/t13/12045781066210627290?url=https%3A%2F%2Fwww.syr-res.com%2Fpictures%2F524968326.jpg&fb_obo=1&utld=syr-res.com&stp=c0.5000x0.5000f_dst-jpg_flffffff_p500x261_q75&ccb=13-1&oh=06_AbG-xkHwJyAfQIxuc-kkhU_xL6xELHnA1rhDSr3T8mskzQ&oe=64634E3D&_nc_sid=7b0f64	500																																																																			???????? ???????? Syrian Researchers	6.28324E+14	1	"???? ?????? ?? ?????? ?? ?????? ???????? ??? ??????? ????? ?????? ?????? ?? ??????? ????? ?? ?? ????? ?? ???????? ?????? ????? ????? ??????? ???? ?? ????? ????? ??? ???? ????? ??? ?????? ????? ???? ?????? ?? ?????? ?? ???????.
 ?? ?? ????? ?? ??????? ?????? ?????? ?? ??????..
#R21321"	2023-05-13T20:00:03.000Z	1684008003	https://www.facebook.com/100064794664056/posts/628323742670776	https://www.facebook.com/Syrian.researchers/posts/pfbid036Quk1MEDvKmJJAvNcmS45nWzpyf8RXZkq7rExB6AG6QifpKMpuVkgytSjS6CzMy8l
0	1	1.00065E+14	https://www.facebook.com/Syrian.researchers	ZmVlZGJhY2s6NjI4MjY5Mzg2MDA5NTQ1		63	GenericAttachmentMedia	GenericAttachmentMedia																																																																																																																																																7.10982E+15																																	261	https://external-man2-1.xx.fbcdn.net/emg1/v/t13/10934407988872396776?url=https%3A%2F%2Fwww.syr-res.com%2Fpictures%2F6217712562.png&fb_obo=1&utld=syr-res.com&stp=c0.5000x0.5000f_dst-jpg_flffffff_p500x261_q75&ccb=13-1&oh=06_AbE7EsRH44Ey51K7oxrAC_n7fN46G8tgLBSd6F791-SdZw&oe=6463BAEC&_nc_sid=7b0f64	500																																																																			???????? ???????? Syrian Researchers	6.28269E+14	1	"????? ?????? ??? ???? ????? ???? ????? ????????? ?????? ?? ???? ????? ???? ????? ??????? ??????? ?? ??? ?????? ???? ??????? ?? ???????? ????? ?? ???? ?????? ????? ????? ??????????? ?????? ????? ????????? ??? ?????? ??? ???? ????? ??? ??????.
#R24784"	2023-05-13T18:00:03.000Z	1684000803	https://www.facebook.com/100064794664056/posts/628269386009545	https://www.facebook.com/Syrian.researchers/posts/pfbid02J2dNZbSxd4DSFzv7PoApmTbyjvBmxojPXwiLp33vUYsEjugdnPsmSHfvGY8P5exPl
1	3	1.00065E+14	https://www.facebook.com/Syrian.researchers	ZmVlZGJhY2s6NjI4MTk5MTEyNjgzMjM5		124	Photo	Photo	FFFFFFFF																																																																																																																																															6.28199E+14																																														"May be an image of ?text that says ""?????? ????? ?????? ??? ?? ?? ???? ??? ????? ??????""?"										686	https://scontent-man2-1.xx.fbcdn.net/v/t39.30808-6/346637948_1333295540586818_7105900717791320460_n.jpg?stp=dst-jpg_p526x296&_nc_cat=110&ccb=1-7&_nc_sid=730e14&_nc_ohc=keay3BV8PT8AX9NsMty&_nc_ht=scontent-man2-1.xx&oh=00_AfCY5ZPzz1z3TIOoNr02y-a0OzlfdbC5thOsQPNb49Opng&oe=64673035	526																						https://www.facebook.com/photo/?fbid=628199089349908&set=a.605000188336465																						???????? ???????? Syrian Researchers	6.28199E+14	1	"??? ???? ?? ????? ??????? ?????? ????????. ????? ????? ????? ?????? ????????? ?????? ????? ??????? ???? ??? ??? ???? ?? ????? ???? ?????? ??? ?????? ?? ??????? ?????.
????? ?? ???????? ??? ?????? ???? ?? ????? ????. ??? ???? ?????? ??? ???????? ????????? ?????? ??????? ????? ?????? ?????? ????? ???? ??? ?????? ???????? ??????? ?? ??? ?????? ??????? ?????? ???? ????? ?? ??????? ????????? ????????. ????????? ????????? ?????? ????? ?? ??????? ????????? ?? ???? ????????.
????? ????? ????? ?????? ???? ???? ???? ?????? ??? ???? "" Xie He"" ???? ??? ??????? ????? ???? ??????? ??????? ??????? ?? (??? ????? - ???? ??????)
??? ????? ??? ???? ?????? ?????? ??????? ??????? ????? ??????? ????. ??? ????????? ??????? ???? ?? ????? ???? ????? ??? ??????? ????? ??????? ???? ???? ?? ?????? ??? ??? ?? ????? ?????? ??? ??? ???? ????? ?????? ??? ???? ????? ????? ???????? ?? ??????? ???????? ???????
??? ?? ???? ?????? ?????? ?? ???? ??????? ?? ?? ???? ???? ????? ????? ?????? ????. ??? ????? ??????? ?? ????? (??? ??? ????? ?????? ??????1962) ""??? ?????? ?? ????? ??? ???? ???? ?????? ?? ??????? ??? ?????"" . ??? ??? ?????? ????? ?????? ??? ???? ???? ??????? ??? ???? ?????? ???? ????? ?? ?? ????? ?????? ????? ????? ?? ???? ???? ???? ?? ??? ?????? ???????? ????????? . ????? ?????? ?????? ????? ?????? ?? ???????? ?????? ?????????? ??????? ??????? ?? ???????? ???????? ?? ?????? ?? ?????? ?? ??????. ??? ?? ???? ???? ??????? ?????? ???? ???? ???? ??????? ????? ??????? ??????? ??????????? ??????? ????? ???? ????????? ????? ???? ?????? ??????? ?? ?????? ?????? ??????? ?????? ????? ??????? ???? ???? ??????? ?????????. ???? ????????? ????????? ???????? ????? ????? ????? ???????? ?????? ??????? ?????? ?????? ??????. ????? ???????? ?????? ???? ??? ?????? ??????? ?? ?????? ?????? ??? ??????? ?? ?????????? ??????? ?? ????? ????? ???????. ?? ???? ????? ????? ????? ?? ????? ?????????? ????????? ?? ?????????? ???? ?? ???? ???? ?? ????? ??? ?????? ????? ????? ????? ?? ?????? ????????? ????? ???? ???????? ????? ????? .
Credit:cartoonstock.com

??????: Diala Dakhil
?????: Hanan Al Jarmakani
????? ????: Diala Dakhil
????? ????: Elias Abbas
????? ??????: Mekki H Al-Sarhan
???: Shaza Dakhil

#R20547"	2023-05-13T16:00:02.000Z	1683993602	https://www.facebook.com/100064794664056/posts/628199112683239	https://www.facebook.com/Syrian.researchers/posts/pfbid0333rrt9de1gTbZPPu2TCWdhRZRKRgNHBXyCovPGtr1Vu4qKUxEmJc6p5Vf1BRkMVFl
0	5	1.00065E+14	https://www.facebook.com/Syrian.researchers	ZmVlZGJhY2s6NjI4MDc5OTQ2MDI4NDg5		112	GenericAttachmentMedia	GenericAttachmentMedia																																																																																																																																																3.45168E+15																																	261	https://external-atl3-1.xx.fbcdn.net/emg1/v/t13/10283984482711625500?url=https%3A%2F%2Fwww.syr-res.com%2Fpictures%2F5396510633.jpg&fb_obo=1&utld=syr-res.com&stp=c0.5000x0.5000f_dst-jpg_flffffff_p500x261_q75&ccb=13-1&oh=06_AbGTD-62JMbbMx07QAhacz6oi2rM6ftMC1gVSMJMR_meHQ&oe=64634823&_nc_sid=7b0f64	500																																																																			???????? ???????? Syrian Researchers	6.2808E+14	0	"????? ?? ???? ???? ????? ????? ??????? ??????? ?????? ?? ????? ????? ???? ?? ???????? ???? ?????? ??????.. ??? ?? ?????? ??????? ??????? ?????? ????? ??????? ??????? ????? ???? ?????? ?? ???????? ???????? ?? ???????
#R21841"	2023-05-13T12:00:04.000Z	1683979204	https://www.facebook.com/100064794664056/posts/628079946028489	https://www.facebook.com/Syrian.researchers/posts/pfbid03t8h2B2MDW8zwoabKrUVZ7VQXYDdWhPbJwJDaosCqtg3LTduXpuKc9zz1myZTwzJl
1	3	1.00065E+14	https://www.facebook.com/Syrian.researchers	ZmVlZGJhY2s6NjI4MDI4MjA5MzY2OTk2		70	Photo	Photo	FF1F2246																																																																																																																																															6.28028E+14																																														"May be a graphic of ?poster, magazine and ?text that says '?2S OI ???? ????? ?ms ms international federation McDonald Fellowships ??????? Mia (McDonald) ????? ??????? ??????? ???'??"										526	https://scontent-lga3-2.xx.fbcdn.net/v/t39.30808-6/346884699_958569855495985_9198784374083577094_n.jpg?stp=dst-jpg_p526x296&_nc_cat=100&ccb=1-7&_nc_sid=730e14&_nc_ohc=V7wRqklr0kgAX_Oyd1L&_nc_ht=scontent-lga3-2.xx&oh=00_AfB5COHBMDVwxH1wn5xcYoGHefQ104UpzVCXl9AV0kzaPw&oe=64664F06	526																						https://www.facebook.com/photo/?fbid=628028192700331&set=a.605000188336465																						???????? ???????? Syrian Researchers	6.28028E+14	1	"?????? ????? (McDonald) ???????? ???????? ?? ???? ???????? ??????? ???????? ?? ????? ?????? ?? ?????? ????? ????? ?? ?????? ????? ???? ??????? ?? ?????? ?? ???? ??????? ?? ????? ?? ??? ??????? ??????? ??? ??????? ???????.

???? ??????:  
1- ????? ???? ??????? ??? ????? (???????? ??????? PhD/MD) ?? ???? ???????? ??????? ???????? (multiple sclerosis).
2- ?? ?????? ???? ??????? ??? ????? ??????? ?? ???????.
3- ????? ??????? ?? ?????? ??? ??? ????????? ??????? ????????.
4- ??????? ?? ????? ?? ???? ??????? ??? ????? ??????? ?? ???????.

???? ???? (??? ???? ??? ???? ??? ?????):
?1- ? ???? ????????? ?????? ?? ?????? ?? ???? ????? ??????? ??? ???????? ??? ??? ???????.
2- ?? ???? ????????? ?????? ?? ?????? ?? ???? ?????? ?? ????? ???? ???? ?? ???? ??? ??? ???? ?? ????? ???????.
3- ?? ???? ????????? ?? ???? ?????? ?? ????? ???? ?? ????? ????? ?? ??? ????? (MS International Federation).

??? ?????? ????? ??? ???? ?? ????:
? 30,000 ???? ???????? ??????? ?????? ?????? ??????? ??????.
? 2000 ???? ???????? ??????? ????? ????? ??????? ?????? ??????? ???? ????? ????? ????.

????? ???????? ?????????? ????????: 
1- ???? ???????? -??? ?? ???? ?????? ????? ???????- ??? ?????? ??? ?????? ??? ???????? ??????????? ?? ????? ?? ?????.
2- ?????? ??????? ?? ?????? ?????? ????? ??????? ???? ?????? ????? ??? ???? ?? ??? ????? ????? ???? ????.
3- ????? ??? ???????? ?????????? ??????? ????. 
4- ????? ???? ???? ?? ?????? ?? ??????? ??? ???????? ?????.
5- ????? 3 ????? ????? ??? ???? ?????? ???????? ??????.
6- ????? ?????? ???????? ?????? ???????.
7- ????? ???? ""Lay Summary"" ?????? ???? ??????? ?????? ???? ????????.

???? ?????? ???????? ??????:
 30 ?????? (?????) 2023.

?????: Modar Ali 
????? ????: Shahera Ghali 
????? ????: Diana Hayek 
????? ??????: Dana Al-Droubi

#R24785"	2023-05-13T10:00:00.000Z	1683972000	https://www.facebook.com/100064794664056/posts/628028209366996	https://www.facebook.com/Syrian.researchers/posts/pfbid02iaWX1DKeYb4amN26QhLj151v9g8hsnPnHsbTNZSMXceWReSuvCZhf9gftTPfP64nl
1	2	1.00065E+14	https://www.facebook.com/Syrian.researchers	ZmVlZGJhY2s6NjI3NjMxNTUyNzM5OTk1		85	Photo	Photo	FF3D1D09																																																																																																																																															6.27632E+14																																														"May be an image of one or more people, hospital and text"										526	https://scontent-atl3-2.xx.fbcdn.net/v/t39.30808-6/346821074_183929327506134_8814562307144278186_n.jpg?stp=dst-jpg_p526x296&_nc_cat=111&ccb=1-7&_nc_sid=730e14&_nc_ohc=yn1a8lsaljAAX_VcZu2&_nc_oc=AQlNX-67qGOyVS2TnKzqInAizvVV7FlkHtVUimOhwy-PwCI15oyXqvK598L5OkdlxLc&_nc_ht=scontent-atl3-2.xx&oh=00_AfA0toL-FzdPv46OIC4CpjxBCLD5DVbX18QCzUOt_JPm9Q&oe=646668EE	526																						https://www.facebook.com/photo/?fbid=627631539406663&set=a.605000188336465																						???????? ???????? Syrian Researchers	6.27632E+14	2	"????? ??????? ??????? ??????? ??????? ??????????? ???????? ????? ???? ????? ????? ????? ?????? ?? ???????? ?????? ????? ??? ??? ?????????!
????? ???? ????? ???? ??? ??? ???????. ????? ??? ??????? ?????? ??? ?????? ????? ???? ????? ?????? ???????? ?? ??????? ?????? ?????? ?? ??????? ????? ??? ????? ???????? ?????? ??????? ??????.

?? ????? ???????
??? ?????? ?????? ??? ??? ???? ????? ???? ?? ???? ????? ??? ?????? ???? ??????? ????? ??????? ??????? ?????? ????? ????? ?? ??????? ????.
 ??? ????? ?????? ?????? ?????? ??????? ??? ?????? ?? ?????.

????? ?? ?????? ??????? ?? ????? ??? ??? ????? ?????? ?????? ?? ?????????? ???? ????? 65 ????? ??? ???????? ???????? ???? ???? ?? ??????? ???????? ???????.

????????: ??? ???? ????? ???? ??? ????? ????? ?? ????? ?? ????? ??????? ??? ????? ?????? ???????? ???????? ??????? ???? ???????? ??????? ???????? ??? ?? ??????? 65 ????? ????? ????? ??????? ????? ?????? ?????? ??? ??? ????? ?????? ??????????.

??? ????????: ???? ???? ??? ???? ?????  ???? 0.3% ?? ???? ????? ?????? ???? ??????? ?????? ???? 1% ??? ??? 60. ???? ????? ??? ????? ??????? ???? ????????? ?? ??????? ?? ???? ?????? ??????? ??????? ???? ??????? ??????? ????? ???????? ?????? ??????? ???? ????? ????????.

??? ???? ??????? ??????? ??????? ???? ?????? ???????? ???? ??? ????? ????? ??? ?????? ??? ?? ???????.

?????? ??????? ?? ?????? ????? ??????? ?????? ?????? ????? ?????: ????? ??????? ??? ?? ???? ????? ??? ?????.
??? ?? ??????? ?????? ?? ???? ???????? ?? ????? ????? ????? ???????. ???? ??????
?? ?????? ?? ???? ????? ????? ?? ?????? ?????? ??????? ??????.
?? ?????? ???? ?? ?? ???????? ????? ????? ????? ??????? ???????? ?? ?? ????? ?????? ??????? ??????? ??? ??? ??????? ?? ???? ???? ??????? ????? ??????? ????????.
?? ???? ??????? ???????? ????? ???? ?? ??????? ?? ?? ???? ????????? ???????? ??????? ????? ??????? ?????? ????????? ????????? ????? ????? ??? ??? ?????.
??? ??????? ?? ???? ????????? ???????? ?????? ??? ??????? ??? ????? ??????? ???? ????????? ?? ????? ???????? ???????? ???????? ???????? ?? ???? ??????? ???????? ?????? ???????? ?????? ??? ??? ????? ?????? ?? ??????? ??????? ??? 1 ??????? ??????? ??????????? ??????? ???????? ???????? ??????? ???????.

?????? ?????? ??????? ?? ??? ?????? ???????? ??? ???? ????? ?????? ?????? ???????? ????????? ?????? ??? ???? ?? ??? ?? ?????? ??????? ???????? ????? ????? 2.3 ????? ???? ??? ?????? ????? ??? ??????.
???? ????? ????????? ?? ?????? ????? ?? ??????? ??????? ???????? ?????? ??????? ???????? ????? ??????? ??????? ?????????? ??? ??????? ???????? ???????. ???? ????? ?? ???????? ?????? ????? ??????? ??? ????? ?????? ?????? ?????? ?? ??????? ???????? ?? ??? ??? ????? ????? ?????? ??????? ??? ??????.

?????: Ibrahim Gaber 
????? ????: Nour Al Abbas 
????? ????: ???? ????? 
????? ??????: Amal Alhawi

#R24783"	2023-05-12T18:00:03.000Z	1683914403	https://www.facebook.com/100064794664056/posts/627631552739995	https://www.facebook.com/Syrian.researchers/posts/pfbid02aXXWhNSEzrcRft6Sh1wi51JWhMDvUaWtN8amoppGrERnSUthHFVxZzhJQvq49Mx6l
1	3	1.00065E+14	https://www.facebook.com/Syrian.researchers	ZmVlZGJhY2s6NjI3NTE0NTEyNzUxNjk5		103	Photo	Photo	FFD9D9D9																																																																																																																																															6.27514E+14																																														May be a graphic of tablet and text										526	https://scontent-lax3-2.xx.fbcdn.net/v/t39.30808-6/345602753_1456819411744013_7684947133234324616_n.jpg?stp=dst-jpg_p526x296&_nc_cat=103&ccb=1-7&_nc_sid=730e14&_nc_ohc=N6bd9oGH5WoAX_NmT4N&_nc_ht=scontent-lax3-2.xx&oh=00_AfBsadoMvoKDdZppbpWVgGyt7KQ33djw9vo-R8t47y_oJg&oe=6467B17A	526																						https://www.facebook.com/photo/?fbid=627514492751701&set=a.605000188336465																						???????? ???????? Syrian Researchers	6.27515E+14	5	"?? ???? ?????? ?? ??? ????????? ???? ?????? ???????? ?? ?????? ???? ??? ???????? 
????? ?????? ??????? ????????? ??? ??????? ????????? ??????? ????? ?? ????????? ??????? ?????? ????????? ???????? ??? ???? ????? ???????? ??? ????????? ??????? ????? ?????? ?????? ??? ????? ??????? ????? ????????? ??????? ??? ??????? ?? ???? ????? ??????? ??? ??? ??????? ??????? ????????. 
??? ??? ????? ?? ???? ????? ?? ????? ??????? ??????.

??????? ??????: ?? ???? ???????? ????? ???????? ??? ????????? ??????? ??? ????? ?????? ?????????? ?? ????????? ???????????? ?????? ??????? ?????? ?????? ??????? ?? ???????? ??? ????? ???? ??????? ???? ????? ??????? ?????? ????? ???? ????? ??? ???? ????? ????? ??? ???????? ???????? ???? ??????? ???????.

????? ??????? ????????? ??????? ????? ?????? ????? ???? ????? ??????? ?? ??? ??? ??? ????? ??????? ???????? ??? ???? ???????.
???? ???? ??????? ?????? ???? ??????? ??? ?? ???? ??????? ????? ?? ?????? ??????? ???? ?????? ?? ??? ????? ???????? ??? ??? ??????? ?? ??????? ?? ??? ?????? ??????? ?????????.
???? ????? ????? ??????? ????? ?????? ?? ???? ?????? ???? ?????? ??? ???? ???? ??????? ??????? ????.
???? ????? ??????? ?????? ?????? ?????????
??? ???????? ??? ?? ????? ???????. ???? ???? ??????? ??????? ????????? ?????? ??????? ??????? ?????? ?? ????? ???????? ???????? ????????. ?????? ????? ??????? ??????? ????? ??????? ??????? ??? ????? ???????. ????? ?? ????? ??????? ????? ?? ????? ??????? ???????? ?????? ?? ??? ?????? ?? ??????. 
???? ??????? ???? ????? ??????? ????? ??? ????? ??????? ??????? ???? ????? ?? ???? ???? ??? ??? ???? ?? ?????? ??? ??????? ????? ?????? ?? ??????? ??????. ???? ???? ??????? ?????? ?? ???? ??????? ?? ??? ??????? ?? ??????? ???? ??? ???? ?????.

???????? ???? ?????? ????????? ???????
1- ??????? (Authenticity): ?? ????? ????????? ???????? ?????????.
2- ??????? (Integrity): ?? ?????? ??????? ?? ?????? ?? ??? ?????? ???????.
3- ??? ?????? (Non-repudiation): ??????? ??????? ?????? ??? ??????? ??????????.
4- ??????? (Notarization).

?????: Rahaf Younso 
????? ????: Mujeeba Haj Najeeb 
????? ????: Hiba Alasadi
????? ??????: Sara M. Habib

#R24782"	2023-05-12T14:00:04.000Z	1683900004	https://www.facebook.com/100064794664056/posts/627514512751699	https://www.facebook.com/Syrian.researchers/posts/pfbid0338ZFn6j3migSxm1z6CihiwRYTwDPG8SzFXHpyHeWfbsqvc2vWt2xVY7ho63zEmMQl
0	36	1.00065E+14	https://www.facebook.com/Syrian.researchers	ZmVlZGJhY2s6NjI3NDA0OTM5NDI5MzIz		334	Photo	Photo	FFE6B644																																																																																																																																															6.27405E+14																																														"May be a graphic of card, poster and text"										526	https://scontent.flas1-2.fna.fbcdn.net/v/t39.30808-6/346624843_1296134441319163_4952972370976988843_n.jpg?stp=dst-jpg_p526x296&_nc_cat=100&ccb=1-7&_nc_sid=730e14&_nc_ohc=-hzvpK5MGqgAX8kPMZ4&_nc_ht=scontent.flas1-2.fna&oh=00_AfBy45h8-tFBnVYDYSU32S8-Shdac3Rz1sgCakkYkrtUhA&oe=6466F88F	526																						https://www.facebook.com/photo/?fbid=627404906095993&set=a.605000188336465																						???????? ???????? Syrian Researchers	6.27405E+14	11	"??????? ????? ?????? (Syria Grad) ?????? ???????? ??? ???? (DAAD) ??? ????? ??????? ???????? ?????? ?? ???????! ??? ?????? ????? ???????!

?????: ???? ?????? (Syria Grad) ???? -?????? ?????? ?? ??? ???? ???????? ???????? ??????? (Syrian Youth Empowerment )- ????? ??????? ?????? ??????? ?? ????????. 

?????? ??????? ?????? ??????? ?? 20 ???? ????? ?????? ??? ??? ??????? ??? ?????? ?????: www.sye-initiative.org/grad."	2023-05-12T10:00:01.000Z	1683885601	https://www.facebook.com/100064794664056/posts/627404939429323	https://www.facebook.com/Syrian.researchers/posts/pfbid0rTt8DyQr9Ze9DM3EwXtSFGxMBsStRDTpkzJ3CHKcEPVd4Y5LS4NnUu57QoinR1RMl
0	3	1.00065E+14	https://www.facebook.com/Syrian.researchers	ZmVlZGJhY2s6NjI3MTA3Nzc2MTI1NzA2		128	GenericAttachmentMedia	GenericAttachmentMedia																																																																																																																																																6.38448E+15																																	261	https://external-dfw5-1.xx.fbcdn.net/emg1/v/t13/14153463691678463934?url=https%3A%2F%2Fwww.syr-res.com%2Fpictures%2F621741323.jpg&fb_obo=1&utld=syr-res.com&stp=c0.5000x0.5000f_dst-jpg_flffffff_p500x261_q75&ccb=13-1&oh=06_AbH7qPv3BuV8VxWFjUuO55E9UGMvX56dVA9ddE0YL-Jc3Q&oe=6463D847&_nc_sid=7b0f64	500																																																																			???????? ???????? Syrian Researchers	6.27108E+14	1	"????? ??????? ?????????? ???? ?? ???????? ???? ????????? ??? ?? ?????? ????? ?????? ?????? ??? ????? ??? ????? ????? ??? ????? ??? ?????? ???? ????? ?? ????? ????? ???? ?? ???? ??? ????? ??????. ?????? ?? ??? ?????? ?? ????? ????? ????? ????? ??? ???? ??? ????? ??????? ??? ???? ??? ????? ???? ??? ?????.
#R24781"	2023-05-11T21:00:04.000Z	1683838804	https://www.facebook.com/100064794664056/posts/627107776125706	https://www.facebook.com/Syrian.researchers/posts/pfbid0VHGXfxeHzbRk2zETUcmvaFuWB28xut7WNV3jVxnoALdCLZczgKLa9yXwb5CrxfU1l
1	20	1.00065E+14	https://www.facebook.com/Syrian.researchers	ZmVlZGJhY2s6NjI2NDI3MzU5NTI3MDgx		141	Photo	Photo	FF371516																																																																																																																																															6.26427E+14																																														May be an image of 3 people and text										526	https://scontent.flas1-2.fna.fbcdn.net/v/t39.30808-6/346054047_1586274038547393_8258728479673864972_n.jpg?stp=dst-jpg_p526x296&_nc_cat=103&ccb=1-7&_nc_sid=730e14&_nc_ohc=XJ1mf-6yDZ4AX-V8qTA&_nc_ht=scontent.flas1-2.fna&oh=00_AfCuTlWb8dT1-SGpcxj7_psCOXkEA-WimDz8UzOsBa-HOg&oe=6466E300	526																						https://www.facebook.com/photo/?fbid=626427342860416&set=a.605000188336465																						???????? ???????? Syrian Researchers	6.26427E+14	8	"???? ????? ?????? ?????? ????? ??????? ??????? ???????? ?? ???? ????????? ????????? ??? ???????? ???? ????? ????????? ??????? ?? 27 ????? ?????? ?????? ??? ??????. 
???? ????????? ???????? ??????? ???????? ??????? ??? ??????? ??? ?????? ??? ??????? ???????? ??????? ??????? ?? ??????? ?????????? ??????????? ???????? ???????.

???? ?????? ?????? ????????? ?????? ????? ????????? ???????? ????? ??? ?????.

????? ?????????: 
1- ???? ??????? ??????? ????? ?? ?????? ?????? ??????? ???? ?? ????? ????????.
2- ?????? ???? ????.
3- ????? ????? ??????????? (?? ?? ???????) ??? ????? ???????? ?????? ????? ????? ??? ?????.
4- ???? ??? ?? ??? ?????? ??????? ?????? ???? ????? ????? ??? ????? ??? ??????? ??? ????? ???? ????? ???? ??????? ???? ??????? ???? ????????.
5- ??? ?? ???? ???????? ??? ??? ???? ??? ????? ??? ????????.
6- ???? ????? ??? ????? ?? ??? ????? ????????? ???????? ???????? ????????? ???? ??? ?????? ?????? ?? ???? ??????.
7- ??? ???? ???????? ?? ??? ?????? ?????? ?? ????? ??????.

???? ?????? ???????? ??????: 
26 ???? (????) 2023.

?????: Shahera Ghali 
????? ????: Modar Ali 
????? ????: ??? ?????? ???? 
????? ??????: Leen Khder

#R24780"	2023-05-10T16:00:03.000Z	1683734403	https://www.facebook.com/100064794664056/posts/626427359527081	https://www.facebook.com/Syrian.researchers/posts/pfbid02BLAfvhrcQxcRsRKQqEgXV4tZq7Z34vBdNHQoo9F5FgE7KXrjaWWFM3GknNjhvukTl
0	13	1.00065E+14	https://www.facebook.com/Syrian.researchers	ZmVlZGJhY2s6NjI1OTEzOTE5NTc4NDI1		135	GenericAttachmentMedia	GenericAttachmentMedia																																																																																																																																																6.75501E+15																																	261	https://external-ord5-2.xx.fbcdn.net/emg1/v/t13/9936034866871189389?url=https%3A%2F%2Fwww.syr-res.com%2Fpictures%2F6217214702.jpg&fb_obo=1&utld=syr-res.com&stp=c0.5000x0.5000f_dst-jpg_flffffff_p500x261_q75&ccb=13-1&oh=06_AbFVzQsZ1DHWpwkiv3hwekR8znUl8nFbguyQVoOoOO2_IA&oe=6463526E&_nc_sid=7b0f64	500																																																																			???????? ???????? Syrian Researchers	6.25914E+14	5	"??????? ?? ??????? ???? ????? ??? ????? ???? ????? ???? ????? ?????? ???? ??? ?? ????? ??? ?????? ??????? ?? ????? ?? ???????. ???? ????? ??? ??????? ??? ??????? ?????? ??? ???? ??? ???? ??? ???????. ????? ????? ????? ??? ??????? ?????? ??????.

#R24779"	2023-05-09T20:00:03.000Z	1683662403	https://www.facebook.com/100064794664056/posts/625913919578425	https://www.facebook.com/Syrian.researchers/posts/pfbid031Nmo1DK6XoqqBFmn1uhF5qogBWYsEmvNDiawe2xfvkFkLt5fury3bUF43f7QUymSl
1	9	1.00065E+14	https://www.facebook.com/Syrian.researchers	ZmVlZGJhY2s6NjI1NTk4MDAyOTQzMzUw		170	Photo	Photo	FF1787AF																																																																																																																																															6.25597E+14																																														May be an image of text										526	https://scontent-iad3-2.xx.fbcdn.net/v/t39.30808-6/346037495_1603463156834755_2393274163530332560_n.jpg?stp=dst-jpg_p526x296&_nc_cat=111&ccb=1-7&_nc_sid=730e14&_nc_ohc=qRASiijy0EYAX9fOHyf&_nc_ht=scontent-iad3-2.xx&oh=00_AfD5h_fDPDNViVOezSPBkmyUpDFafdTkUU4o_Sf2u8DYNA&oe=646745F8	526																						https://www.facebook.com/photo/?fbid=625597119610105&set=a.605000188336465																						???????? ???????? Syrian Researchers	6.25598E+14	4	"????? ????? ????? ???????? ?? ???????? ??? ?????? ?? ?????? ?? ???? ?? (Covid-19) ?? ??? ??????? ????? ????? ???? ??????? ????? ???? ?????? ???? ????? ?? ?????? ????? (SARS-CoV-2) ?? ???????? ???? ?? ??? ???? ????? ??? ?????.

?????: Hala Alhalabeya 
????? ????: Nagham Deeb
????? ????: Diana Hayek 
????? ??????: Jana Jouni

#R24778"	2023-05-09T07:54:13.000Z	1683618853	https://www.facebook.com/100064794664056/posts/625598002943350	https://www.facebook.com/Syrian.researchers/posts/pfbid0V2XSRqPpW9QZrYJSzjdtHGLur6h9TB9Bknusukk6hBMLE4sWStDnU9kgd6QJGY9Dl
0	3	1.00065E+14	https://www.facebook.com/Syrian.researchers	ZmVlZGJhY2s6NjI1MjYyMjc5NjQzNTg5		113	GenericAttachmentMedia	GenericAttachmentMedia																																																																																																																																																9.17702E+15																																	261	https://external.fcmh1-1.fna.fbcdn.net/emg1/v/t13/9929234103632404110?url=https%3A%2F%2Fwww.syr-res.com%2Fpictures%2F6217011937.png&fb_obo=1&utld=syr-res.com&stp=c0.5000x0.5000f_dst-jpg_flffffff_p500x261_q75&ccb=13-1&oh=06_AbF2xMBQacyC6kz8NtUkqRP3gldwyXL0y4HQG1Zx8C98lA&oe=6463CB4B&_nc_sid=7b0f64	500																																																																			???????? ???????? Syrian Researchers	6.25262E+14	3	"???? ???? ????? ?????? ??????? ???????? ????? ?? ???????? ??????? ????? ???? ?? ????? ??? ????? ?????? ???????? ??? ?????? ??? ?????? ?? ????? ??????. 
?????? ???? ?? ?????? ????? ???????? ??????? ?????? ?? ????????? ??????? ?? ????? ?????.
#R24777"	2023-05-08T17:00:02.000Z	1683565202	https://www.facebook.com/100064794664056/posts/625262279643589	https://www.facebook.com/Syrian.researchers/posts/pfbid0jgWQoCVjzzup7kwCCXg9LCohTDYBkDVS31jUSLt7j3hfcJZ7sQn6WpFfPChV9w4ol
1	4	1.00065E+14	https://www.facebook.com/Syrian.researchers	ZmVlZGJhY2s6NjI0MTIxNTU2NDI0MzI4		97	GenericAttachmentMedia	GenericAttachmentMedia																																																																																																																																																3.31341E+15																																	261	https://external-man2-1.xx.fbcdn.net/emg1/v/t13/8542003396783798409?url=https%3A%2F%2Fwww.syr-res.com%2Fpictures%2F4924816073.jpg&fb_obo=1&utld=syr-res.com&stp=c0.1.1240.647a_dst-jpg_flffffff_q75_s500x261&ccb=13-1&oh=06_AbH3r71fYGHSdgAOwrX_Kj898IsANzRaL8C4RkxlwUiwYA&oe=64633F6A&_nc_sid=ff403b	500																																																																			???????? ???????? Syrian Researchers	6.24122E+14	8	"?? ???? ?? ??? ?????? ?????? ??????? ??? ????? ???? ?????? ??? ??? ????? ??? ?????? ????? ???? ???? ???? ?? ?? ???? ??????? ?? ???? ???????? ?????? ?????? ????. 
#R20261"	2023-05-06T20:00:03.000Z	1683403203	https://www.facebook.com/100064794664056/posts/624121556424328	https://www.facebook.com/Syrian.researchers/posts/pfbid032epNYd2Hy23B4u6Jp4Nd4s4JTHuivR59cGaNMWX9qChZtLhvEiuJFJgqyjYcA5eLl
0	1	1.00065E+14	https://www.facebook.com/Syrian.researchers	ZmVlZGJhY2s6NjI0MDczNjk2NDI5MTE0		47	GenericAttachmentMedia	GenericAttachmentMedia																																																																																																																																																2.42745E+15																																	261	https://external.fyvr4-1.fna.fbcdn.net/emg1/v/t13/10032922322054216026?url=https%3A%2F%2Fwww.syr-res.com%2Fpictures%2F468566978.jpg&fb_obo=1&utld=syr-res.com&stp=c0.5000x0.5000f_dst-jpg_flffffff_p500x261_q75&ccb=13-1&oh=06_AbGvBZb4fG8o5qVA3R-rkVWUa6EJpKCrE1XCYYJx-0l7ag&oe=64635B48&_nc_sid=7b0f64	500																																																																			???????? ???????? Syrian Researchers	6.24074E+14	2	"?? ????? ???????? ?? ???? ???????? ????????? ????? ??? ??? ??? ??????? ?????? ??????? ?? ???? ????? ????? ?????? ?? ??????? ????????? ???? ??????? ?????? ??????? ????????? ?????? ?? ??????? ?????? ?? ??????? ?? ??? ????? ?????? ???????? ??????? ????????.
#R19450
????? ??????"	2023-05-06T18:00:05.000Z	1683396005	https://www.facebook.com/100064794664056/posts/624073696429114	https://www.facebook.com/Syrian.researchers/posts/pfbid0rv6MXrBroAkCXCJL5GVZKAWoKGpLhB2Ph7fWegMQNKySevVLaz3nK986pGeZqHHrl
1	49	1.00065E+14	https://www.facebook.com/Syrian.researchers	ZmVlZGJhY2s6Mjc3MzQ2NTUxNjE0MDQyMQ==	TRUE	97		Video																																																																																																								AVAILABLE		ugc_default_allowed	FALSE	6.2401E+14	0	0	VOD_READY	cln	TRUE	TRUE	TRUE	https://www.facebook.com/Syrian.researchers/videos/my-meeting/2773465516140421/		https://scontent.ftpf1-1.fna.fbcdn.net/v/t39.2093-6/345224903_6299850636731961_3137990431555271306_n.srt?_nc_cat=108&ccb=1-7&_nc_sid=8d539b&_nc_ohc=iUpbc6SvFowAX8Zx6r2&_nc_ht=scontent.ftpf1-1.fna&oh=00_AfDPT2APLWyA4MOlneLUF863NsNZdqYsII7JuAyRHMl7RA&oe=64666F04					{}		{}	"<?xml version=""1.0""?>
<MPD xmlns=""urn:mpeg:dash:schema:mpd:2011"" xmlns:xsi=""http://www.w3.org/2011/XMLSchema-instance"" type=""static"" xsi:schemaLocation=""urn:mpeg:DASH:schema:MPD:2011 DASH-MPD.xsd"" profiles=""urn:mpeg:dash:profile:isoff-on-demand:2011,http://dashif.org/guidelines/dash264"" minBufferTime=""PT1.5S"" mediaPresentationDuration=""PT1H3M57.46S"" maxSegmentDuration=""PT2S"" FBTagsetUsed=""waslive_qualities"" FBManifestIdentifier=""FgAYEXdhc2xpdmVfcXVhbGl0aWVzGWbM3a/vxPFh9rzFsO7CkwLWt4306fXsArTd6Z3LlqUDwPXLnZPu8QOQ78uvkIf/BgA=""><Period duration=""PT1H3M57.46S""><AdaptationSet segmentAlignment=""true"" maxWidth=""1280"" maxHeight=""720"" maxFrameRate=""16000/533"" lang=""und"" par=""16:9"" subsegmentAlignment=""true"" subsegmentStartsWithSAP=""1"" id=""0""><Representation id=""1968248270191560v"" mimeType=""video/mp4"" codecs=""avc1.4D401E"" width=""640"" height=""360"" frameRate=""16000/533"" sar=""1:1"" startWithSAP=""1"" bandwidth=""178020"" FBEncodingTag=""dash_live_md_frag_2_video"" FBPlaybackResolutionMos=""0:100,144:96.8,360:87.1,720:77.1"" FBPlaybackResolutionMosConfidenceLevel=""high"" FBPlaybackResolutionCsvqm=""0:100,144:99.2,360:95.6,720:91.4"" FBAbrPolicyTags="""" FBDefaultQuality=""1"" FBQualityClass=""sd"" FBQualityLabel=""360p""><BaseURL>https://video.ftpf1-1.fna.fbcdn.net/v/t42.1790-29/10000000_549271787369084_4074522523380955665_n.mp4?_nc_cat=106&ccb=1-7&_nc_sid=9c5c06&efg=eyJ2ZW5jb2RlX3RhZyI6ImRhc2hfbGl2ZV9tZF9mcmFnXzJfdmlkZW8ifQ%3D%3D&_nc_ohc=SPB5kpqINxIAX-HSEso&_nc_ht=video.ftpf1-1.fna&oh=00_AfCwmRMJTSZ8QLq-F41b_kw6PLt4TQg_scolYjSBgi6SRg&oe=64672553</BaseURL><SegmentBase indexRangeExact=""true"" indexRange=""734-23793"" FBFirstSegmentRange=""23794-60488""><Initialization range=""0-733""/></SegmentBase></Representation><Representation id=""926176845313882v"" mimeType=""video/mp4"" codecs=""avc1.4D400C"" width=""256"" height=""144"" frameRate=""16000/533"" sar=""1:1"" startWithSAP=""1"" bandwidth=""45077"" FBEncodingTag=""dash_live_qd_frag_2_video"" FBPlaybackResolutionMos=""0:100,144:83.4,360:52.6,720:43.8"" FBPlaybackResolutionMosConfidenceLevel=""high"" FBPlaybackResolutionCsvqm=""0:100,144:94.4,360:67.5,720:58.5"" FBAbrPolicyTags="""" FBQualityClass=""sd"" FBQualityLabel=""144p""><BaseURL>https://video.ftpf1-1.fna.fbcdn.net/v/t42.1790-29/10000000_1224956388384501_5738288804729658204_n.mp4?_nc_cat=102&ccb=1-7&_nc_sid=9c5c06&efg=eyJ2ZW5jb2RlX3RhZyI6ImRhc2hfbGl2ZV9xZF9mcmFnXzJfdmlkZW8ifQ%3D%3D&_nc_ohc=YdCHyiYjXlIAX_TkuFg&_nc_ht=video.ftpf1-1.fna&oh=00_AfC5FFp0DcpnTIAc7yV9OW_RB9Wk45rDmJ0Yt02Kc5of4A&oe=64676544</BaseURL><SegmentBase indexRangeExact=""true"" indexRange=""733-23792"" FBFirstSegmentRange=""23793-34123""><Initialization range=""0-732""/></SegmentBase></Representation><Representation id=""215255824594790v"" mimeType=""video/mp4"" codecs=""avc1.4D4015"" width=""426"" height=""240"" frameRate=""16000/533"" sar=""1:1"" startWithSAP=""1"" bandwidth=""93809"" FBEncodingTag=""dash_live_ld_frag_2_video"" FBPlaybackResolutionMos=""0:100,144:94,360:66.6,720:56.9"" FBPlaybackResolutionMosConfidenceLevel=""high"" FBPlaybackResolutionCsvqm=""0:100,144:97.9,360:81.6,720:72.2"" FBAbrPolicyTags="""" FBQualityClass=""sd"" FBQualityLabel=""240p""><BaseURL>https://video.ftpf1-1.fna.fbcdn.net/v/t42.1790-29/10000000_1983766205306916_705236103849679906_n.mp4?_nc_cat=105&ccb=1-7&_nc_sid=9c5c06&efg=eyJ2ZW5jb2RlX3RhZyI6ImRhc2hfbGl2ZV9sZF9mcmFnXzJfdmlkZW8ifQ%3D%3D&_nc_ohc=7-dclGVGX1wAX-I0MwD&_nc_ht=video.ftpf1-1.fna&oh=00_AfAAAwfz7_VFx8ie95XEZk11M8oApx7Kug5DSgaAuC74AA&oe=646734ED</BaseURL><SegmentBase indexRangeExact=""true"" indexRange=""734-23793"" FBFirstSegmentRange=""23794-44146""><Initialization range=""0-733""/></SegmentBase></Representation><Representation id=""605880081493819v"" mimeType=""video/mp4"" codecs=""avc1.4D401F"" width=""854"" height=""480"" frameRate=""16000/533"" sar=""1:1"" startWithSAP=""1"" bandwidth=""281579"" FBEncodingTag=""dash_live_hd_frag_2_video"" FBPlaybackResolutionMos=""0:100,144:97.7,360:92.5,720:83.4"" FBPlaybackResolutionMosConfidenceLevel=""high"" FBPlaybackResolutionCsvqm=""0:100,144:99.5,360:97.2,720:94.4"" FBAbrPolicyTags=""avoid_on_cellular,avoid_on_cellular_intentional"" FBQualityClass=""sd"" FBQualityLabel=""480p""><BaseURL>https://video.ftpf1-1.fna.fbcdn.net/v/t42.1790-29/10000000_2134358470089667_8389265285062307999_n.mp4?_nc_cat=100&ccb=1-7&_nc_sid=9c5c06&efg=eyJ2ZW5jb2RlX3RhZyI6ImRhc2hfbGl2ZV9oZF9mcmFnXzJfdmlkZW8ifQ%3D%3D&_nc_ohc=6vhRiddjeT8AX-OBKVT&_nc_oc=AQmqG64bfH1eEm4fk0pcj9EobpSb60dC4HMpym-xrO1buBzsRsRp-oEd13i8luyEQYI&_nc_ht=video.ftpf1-1.fna&oh=00_AfDdFyYWMYb_TnAE1FjatAPi-8UrnoD_ROCULB-os17SYw&oe=6466E0E4</BaseURL><SegmentBase indexRangeExact=""true"" indexRange=""734-23793"" FBFirstSegmentRange=""23794-80258""><Initialization range=""0-733""/></SegmentBase></Representation><Representation id=""802468724321771v"" mimeType=""video/mp4"" codecs=""avc1.4D4020"" width=""1280"" height=""720"" frameRate=""16000/533"" sar=""1:1"" startWithSAP=""1"" bandwidth=""515605"" FBEncodingTag=""dash_live_hd1_frag_2_video"" FBPlaybackResolutionMos=""0:100,144:98.6,360:95.5,720:88.2"" FBPlaybackResolutionMosConfidenceLevel=""high"" FBPlaybackResolutionCsvqm=""0:100,144:99.7,360:98.6,720:95.9"" FBAbrPolicyTags=""avoid_on_cellular,avoid_on_cellular_intentional"" FBQualityClass=""hd"" FBQualityLabel=""720p""><BaseURL>https://video.ftpf1-1.fna.fbcdn.net/v/t42.1790-29/10000000_1743520802729639_8037838414649486485_n.mp4?_nc_cat=100&ccb=1-7&_nc_sid=9c5c06&efg=eyJ2ZW5jb2RlX3RhZyI6ImRhc2hfbGl2ZV9oZDFfZnJhZ18yX3ZpZGVvIn0%3D&_nc_ohc=2cTisE1jWuUAX-dgfat&_nc_ht=video.ftpf1-1.fna&oh=00_AfBhYWDWdYQwQ1ysYK4RjpADOY9-0OoxcxCZN2LUbFCAYQ&oe=64672020</BaseURL><SegmentBase indexRangeExact=""true"" indexRange=""733-23792"" FBFirstSegmentRange=""23793-126097""><Initialization range=""0-732""/></SegmentBase></Representation></AdaptationSet><AdaptationSet segmentAlignment=""true"" lang=""und"" subsegmentAlignment=""true"" subsegmentStartsWithSAP=""1"" id=""1""><Representation id=""1094806924787040a"" mimeType=""audio/mp4"" codecs=""mp4a.40.5"" audioSamplingRate=""48000"" startWithSAP=""1"" bandwidth=""65198"" FBEncodingTag=""dash_live_md_frag_2_audio"" FBDefaultQuality=""1""><AudioChannelConfiguration schemeIdUri=""urn:mpeg:dash:23003:3:audio_channel_configuration:2011"" value=""2""/><BaseURL>https://video.ftpf1-1.fna.fbcdn.net/v/t42.1790-29/10000000_777159777157192_5160815965677031604_n.mp4?_nc_cat=106&ccb=1-7&_nc_sid=9c5c06&efg=eyJ2ZW5jb2RlX3RhZyI6ImRhc2hfbGl2ZV9tZF9mcmFnXzJfYXVkaW8ifQ%3D%3D&_nc_ohc=zAGqLCT00BgAX8RRE4B&_nc_ht=video.ftpf1-1.fna&oh=00_AfC5TLvix1VqGd_f7PIB3VJBJGTfM8kV7RGqX7zronJUpQ&oe=64664AFA</BaseURL><SegmentBase indexRangeExact=""true"" indexRange=""694-23693"" FBFirstSegmentRange=""23694-40142""><Initialization range=""0-693""/></SegmentBase></Representation></AdaptationSet></Period></MPD>
"	605880081493819v	1094806924787040a	"{""video_license_uri_map"":{},""graph_api_video_license_uri"":null,""fairplay_cert"":null,""widevine_cert"":""CsECCAMSEBcFuRfMEgSGiwYzOi93KowYgrSCkgUijgIwggEKAoIBAQCZ7Vs7Mn2rXiTvw7YqlbWYUgrVvMs3UD4GRbgU2Ha430BRBEGtjOOtsRu4jE5yWl5KngeVKR1YWEAjp+GvDjipEnk5MAhhC28VjIeMfiG\/+\/7qd+EBnh5XgeikX0YmPRTmDoBYqGB63OBPrIRXsTeo1nzN6zNwXZg6IftO7L1KEMpHSQykfqpdQ4IY3brxyt4zkvE9b\/tkQv0x4b9AsMYE0cS6TJUgpL+X7r1gkpr87vVbuvVk4tDnbNfFXHOggrmWEguDWe3OJHBwgmgNb2fG2CxKxfMTRJCnTuw3r0svAQxZ6ChD4lgvC2ufXbD8Xm7fZPvTCLRxG88SUAGcn1oJAgMBAAE6FGxpY2Vuc2Uud2lkZXZpbmUuY29tEoADrjRzFLWoNSl\/JxOI+3u4y1J30kmCPN3R2jC5MzlRHrPMveoEuUS5J8EhNG79verJ1BORfm7BdqEEOEYKUDvBlSubpOTOD8S\/wgqYCKqvS\/zRnB3PzfV0zKwo0bQQQWz53ogEMBy9szTK\/NDUCXhCOmQuVGE98K\/PlspKkknYVeQrOnA+8XZ\/apvTbWv4K+drvwy6T95Z0qvMdv62Qke4XEMfvKUiZrYZ\/DaXlUP8qcu9u\/r6DhpV51Wjx7zmVflkb1gquc9wqgi5efhn9joLK3\/bNixbxOzVVdhbyqnFk8ODyFfUnaq3fkC3hR3f0kmYgI41sljnXXjqwMoW9wRzBMINk+3k6P8cbxfmJD4\/Paj8FwmHDsRfuoI6Jj8M76H3CTsZCZKDJjM3BQQ6Kb2m+bQ0LMjfVDyxoRgvfF\/\/M\/EEkPrKWyU2C3YBXpxaBquO4C8A0ujVmGEEqsxN1HX9lu6c5OMm8huDxwWFd7OHMs3avGpr7RP7DUnTikXrh6X0""}"	VideoPlayerWatchInlineEndScreen.react	VideoPlayerWatchInlineEndScreen_info$normalization.graphql	TRUE	UzpfSTEwMDA2NDc5NDY2NDA1NjpWSzoyNzczNDY1NTE2MTQwNDIx	Video	Video	2.77347E+15	https://www.facebook.com/Syrian.researchers/videos/2773465516140421/	2.77347E+15	CHANNEL_VIEW_FROM_END_CARD	PROFILE	api		360	2.77347E+15								https://scontent.ftpf1-1.fna.fbcdn.net/v/t15.5256-10/343360763_631958018362310_8918543781269218447_n.jpg?stp=dst-jpg_p526x296&_nc_cat=111&ccb=1-7&_nc_sid=ad6a45&_nc_ohc=ltERSDmJB7sAX90zO4R&_nc_ht=scontent.ftpf1-1.fna&oh=00_AfB-yQor2tsbWDpB5MO5I862ObPeyKAGhbyuecXMb_G17Q&oe=646774E0	VideoPlayerWatchInlinePauseScreen.react	VideoPlayerWatchInlinePauseScreen_info$normalization.graphql	CHANNEL_VIEW_FROM_END_CARD	PROFILE	2.77347E+15	FALSE	FALSE	FALSE	FALSE	FALSE	FALSE	FALSE	FALSE	FALSE	TRUE	FALSE	FALSE	FALSE	FALSE	FALSE	FALSE	FALSE	TRUE	TRUE				NORMAL	0	FALSE	FALSE		0						720	NO_ROTATE	1280	User	User	TRUE	1.00065E+14		https://www.facebook.com/Syrian.researchers/videos/2773465516140421/				3837568	https://video.ftpf1-1.fna.fbcdn.net/v/t42.1790-2/10000000_549271787369084_4074522523380955665_n.mp4?_nc_cat=106&vs=a3d7aaf28b37221b&_nc_vs=HBksFQAYJEdJQ1dtQUI4Y3NWTmotTUJBQkU2YzdPbG5JczRidjRHQUFBRhUAAsgBABUAGCRHSUNXbUFCSWdIT2Mwc0lDQUxRUVdCSEg1cDVIYnY0R0FBQUYVAgLIAQAoRC1pICclcycgLWZiX3VzZV90ZmR0X3N0YXJ0dGltZSAxIC1pICclcycgLWMgY29weSAtbW92ZmxhZ3MgZmFzdHN0YXJ0KweIEnByb2dyZXNzaXZlX3JlY2lwZQExDXN1YnNhbXBsZV9mcHMAEHZtYWZfZW5hYmxlX25zdWIAIG1lYXN1cmVfb3JpZ2luYWxfcmVzb2x1dGlvbl9zc2ltAChjb21wdXRlX3NzaW1fb25seV9hdF9vcmlnaW5hbF9yZXNvbHV0aW9uAB11c2VfbGFuY3pvc19mb3JfdnFtX3Vwc2NhbGluZwARZGlzYWJsZV9wb3N0X3B2cXMAFQAlAByMF0AAAAAAAAAAEREAAAAm8MWczeWwnwIVAigCQzMYA2F2MRwXQK36x64UeuEYGWRhc2hfbGl2ZV9tZF9mcmFnXzJfdmlkZW8SABgYdmlkZW9zLnZ0cy5jYWxsYmFjay5wcm9kOBJWSURFT19WSUVXX1JFUVVFU1QbCogVb2VtX3RhcmdldF9lbmNvZGVfdGFnBm9lcF9zZBNvZW1fcmVxdWVzdF90aW1lX21zATAMb2VtX2NmZ19ydWxlCndhc2xpdmVfc2QTb2VtX3JvaV9yZWFjaF9jb3VudAcyMTQzMDE2EW9lbV9pc19leHBlcmltZW50AAxvZW1fdmlkZW9faWQQMjc3MzQ2NTUxNjE0MDQyMRJvZW1fdmlkZW9fYXNzZXRfaWQPNTYzMjQ5MzAyNjE4ODgyFW9lbV92aWRlb19yZXNvdXJjZV9pZA82MzE5NTc5NDUwMjg5ODQcb2VtX3NvdXJjZV92aWRlb19lbmNvZGluZ19pZBAxOTY4MjQ4MjcwMTkxNTYwDnZ0c19yZXF1ZXN0X2lkACUEHAAlvgEbB4gBcwQ2NTIwAmNkCjIwMjMtMDUtMDYDcmNiBzIxNDMwMDADYXBwHFpPT00gVmlkZW8gTGl2ZXN0cmVhbSAtIFByb2QCY3QJQlJPQURDQVNUE29yaWdpbmFsX2R1cmF0aW9uX3MIMzgzNy41NjgCdHMUcHJvZ3Jlc3NpdmVfb3JkZXJpbmcA&ccb=1-7&_nc_sid=edb1c8&efg=eyJ2ZW5jb2RlX3RhZyI6Im9lcF9zZCJ9&_nc_ohc=SPB5kpqINxIAX-HSEso&_nc_ht=video.ftpf1-1.fna&oh=00_AfB-BE3vlJsNixMK8auF_Z2KgKjFoY1gNqisFOB5VIWB9w&oe=646715AD&_nc_rid=691911620060874	https://www.facebook.com/video/playback/dash_mpd_debug.mpd?v=2773465516140421&dummy=.mpd			6.31958E+14	https://scontent.ftpf1-1.fna.fbcdn.net/v/t15.5256-10/343360763_631958018362310_8918543781269218447_n.jpg?stp=dst-jpg_p180x540&_nc_cat=111&ccb=1-7&_nc_sid=df419e&_nc_ohc=ltERSDmJB7sAX90zO4R&_nc_ht=scontent.ftpf1-1.fna&oh=00_AfBzYN5zS2PQ_fHmOSf7hHtG7Pyq9k8G3wPeTugYuwkr2w&oe=646774E0	ACoY5miiigAooooAKKKKACiiigAooooAeFyM5FMoooA//9k=	1683388775			FALSE	0	0	0	0	0			https://scontent.ftpf1-1.fna.fbcdn.net/v/t15.5256-10/343360763_631958018362310_8918543781269218447_n.jpg?stp=dst-jpg_p180x540&_nc_cat=111&ccb=1-7&_nc_sid=ad6a45&_nc_ohc=ltERSDmJB7sAX90zO4R&_nc_ht=scontent.ftpf1-1.fna&oh=00_AfBzYN5zS2PQ_fHmOSf7hHtG7Pyq9k8G3wPeTugYuwkr2w&oe=646774E0		https://www.facebook.com/Syrian.researchers/videos/2773465516140421/	2.77347E+15		https://scontent.ftpf1-1.fna.fbcdn.net/v/t39.2093-6/345224903_6299850636731961_3137990431555271306_n.srt?_nc_cat=108&ccb=1-7&_nc_sid=8d539b&_nc_ohc=iUpbc6SvFowAX8Zx6r2&_nc_ht=scontent.ftpf1-1.fna&oh=00_AfDPT2APLWyA4MOlneLUF863NsNZdqYsII7JuAyRHMl7RA&oe=64666F04	en_US			English		BROADCAST			VideoPlayerShakaPerformanceLogger	useVideoPlayerShakaPerformanceLoggerRelayImpl_init$normalization.graphql	VideoPlayerShakaPerformanceLoggerInit	VideoPlayerShakaPerformanceLoggerBuilder	useVideoPlayerShakaPerformanceLoggerBuilder_init$normalization.graphql	VideoPlayerShakaPerformanceLoggerInit		FALSE	default_autoplay	640	???????? ???????? Syrian Researchers	2.77347E+15	2		2023-05-06T15:59:35.000Z	1683388775	https://www.facebook.com/100064794664056/posts/2773465516140421	https://www.facebook.com/Syrian.researchers/videos/2773465516140421/
1	216	1.00065E+14	https://www.facebook.com/Syrian.researchers	ZmVlZGJhY2s6NjIzODU5NjI5NzgzODU0		1812	Photo	Photo	FFA9A9A9																																																																																																																																															6.2386E+14																																														May be an image of ?poster and ?text that says '???? ??????? ?????? ??? ??? ???? ????????? ??? ???? 1 ??  ????????? Ve syr-res.com Malamut Craig ??????'??										720	https://scontent-ord5-2.xx.fbcdn.net/v/t39.30808-6/344221295_790917499115239_8480672598442287020_n.jpg?stp=dst-jpg_s720x720&_nc_cat=110&ccb=1-7&_nc_sid=730e14&_nc_ohc=_CYF6vAPGAsAX_oEtII&_nc_ht=scontent-ord5-2.xx&oh=00_AfASKpfjRYiEJpIGxRAAS1zy2lwHq9uHHXAB6MOJ3_-XAw&oe=6466C23E	521																						https://www.facebook.com/photo/?fbid=623859613117189&set=a.605000188336465																						???????? ???????? Syrian Researchers	6.2386E+14	62	"?? ??????? ????????? (?? ????? ????? ?????? ????? 180 ?) ???? ???? ????? ??? ?????? ?? ???? ???????? ?????? ?????? ????? ???? ????????? ???? ??? ??????? ?? ???? ????? ?? ????? ????? ?? ?? ????? ??????? ??????????? (?? ????? ????? ?????? ???? ?? 180 ?) ?? ?? ??????? ????? ?????? ?? ?? ????? ?????? ??????????? (?? ????? ????? ?????? ??? ?? 180 ?)
???? ??????:  Craig Malamut
?????: Maissaa Markabi
????? ????: Nouray Najib
????? ??????: Mekki H Al-Sarhan
#R22564"	2023-05-06T12:00:04.000Z	1683374404	https://www.facebook.com/100064794664056/posts/623859629783854	https://www.facebook.com/Syrian.researchers/posts/pfbid0a8GR4fDWXS6PgLQnSj4mES9R9ZPH5qZhHUYJATNsExdefHP7jsZvaSqkPgVedznxl
